,schlcode,school_enrollment,grade,classize,avgmath,avgverb,disadvantaged,female,religious
0,11005,54,5,28,74.11,70.57,24,0.5555556,0.0
1,11005,54,5,26,71.11,75.0,24,0.5555556,0.0
2,11006,37,5,22,64.0,75.47,38,0.43243244,1.0
3,11006,37,5,15,50.0,60.6475,38,0.43243244,1.0
4,11009,32,5,32,68.38,73.97,6,0.46875,0.0
5,11010,68,5,34,59.86,69.55,3,0.5,0.0
6,11010,68,5,34,61.9,68.13,3,0.5,0.0
7,11013,86,5,30,61.1,65.57,8,0.37209302,0.0
8,11013,86,5,26,59.42,69.92,8,0.37209302,0.0
9,11013,86,5,31,66.37,73.14,8,0.37209302,0.0
10,11015,95,5,32,76.57,79.66,6,0.47368422,0.0
11,11015,95,5,32,71.29,75.94,6,0.47368422,0.0
12,11015,95,5,31,81.04,84.89,6,0.47368422,0.0
13,11017,77,5,39,65.78,70.37,9,0.5064935,0.0
14,11017,77,5,38,68.50467,71.71129,9,0.5064935,0.0
15,11020,97,5,31,71.3,78.31,5,0.4226804,0.0
16,11020,97,5,33,77.26,78.1,5,0.4226804,0.0
17,11020,97,5,33,73.3,77.21,5,0.4226804,0.0
18,11021,58,5,30,57.86,72.64,11,0.6034483,0.0
19,11021,58,5,28,56.54,67.71,11,0.6034483,0.0
20,11027,97,5,34,71.09,81.03,5,0.53608245,0.0
21,11027,97,5,29,65.21,73.38,5,0.53608245,0.0
22,11027,97,5,34,64.48303,73.25871,5,0.53608245,0.0
23,11029,70,5,34,56.23,65.19,11,0.5857143,0.0
24,11029,70,5,36,57.70206,74.38559,11,0.5857143,0.0
25,11031,42,5,23,67.09,74.57,12,0.52380955,0.0
26,11031,42,5,19,64.41,69.06,12,0.52380955,0.0
27,11032,95,5,32,49.52,61.07,13,0.50526315,0.0
28,11032,95,5,31,59.5,68.97,13,0.50526315,0.0
29,11032,95,5,29,60.29,62.62,13,0.50526315,0.0
30,11034,56,5,28,64.75,70.59,11,0.4642857,0.0
31,11034,56,5,28,67.296295,71.41,11,0.4642857,0.0
32,11044,11,5,17,55.58,69.25,50,0.45454547,1.0
33,11045,76,5,38,68.58,74.85,9,0.5131579,1.0
34,11045,76,5,38,67.46833,75.14167,9,0.5131579,1.0
35,11048,74,5,38,67.76,82.03,11,0.0,1.0
36,11048,74,5,36,75.35,75.65,11,0.0,1.0
37,11054,35,5,35,63.0,68.0,17,0.0,1.0
38,11058,82,5,25,62.57,72.67,13,0.5365854,1.0
39,11058,82,5,29,62.58,72.32,13,0.5365854,1.0
40,11058,82,5,26,53.78,76.32,13,0.5365854,1.0
41,11061,46,5,16,44.27,61.64,15,0.65217394,1.0
42,11061,46,5,30,57.08,73.75,15,0.65217394,1.0
43,11064,40,5,40,48.73,52.77,25,0.45,1.0
44,11065,20,5,20,67.5,73.67,42,0.45,1.0
45,11067,62,5,22,47.71,61.0,31,0.5,1.0
46,11067,62,5,29,51.54,66.42,31,0.5,1.0
47,11072,41,5,21,68.89,71.84,25,0.3902439,1.0
48,11072,41,5,20,61.3045,72.152,25,0.3902439,1.0
49,11073,60,5,30,72.36,84.93,7,0.5,0.0
50,11073,60,5,30,65.48,72.8,7,0.5,0.0
51,11106,58,5,29,77.6,80.1,3,0.55172414,0.0
52,11106,58,5,29,78.47059,86.411766,3,0.55172414,0.0
53,11108,12,5,12,48.75,57.09,54,0.41666666,1.0
54,11109,119,5,24,64.13,72.09,5,0.42016807,0.0
55,11109,119,5,26,70.52,82.52,5,0.42016807,0.0
56,11109,119,5,32,67.09,81.25,5,0.42016807,0.0
57,11109,119,5,26,63.31,70.92,5,0.42016807,0.0
58,11111,106,5,33,63.86,74.79,5,0.5,0.0
59,11111,106,5,30,56.22,72.73,5,0.5,0.0
60,11111,106,5,31,62.33,76.9,5,0.5,0.0
61,11115,57,5,30,58.44,76.53,11,0.47368422,1.0
62,11115,57,5,27,61.9968,73.0875,11,0.47368422,1.0
63,11117,66,5,28,62.59,67.46,31,0.33333334,0.0
64,11117,66,5,27,57.63,62.66,31,0.33333334,0.0
65,11119,83,5,29,48.07,75.68,21,0.7108434,1.0
66,11119,83,5,24,55.81,69.43,21,0.7108434,1.0
67,11119,83,5,30,62.79,81.96,21,0.7108434,1.0
68,11120,106,5,35,54.39,71.76,2,0.4716981,0.0
69,11120,106,5,35,55.45,69.16,2,0.4716981,0.0
70,11120,106,5,36,58.299355,75.31724,2,0.4716981,0.0
71,11126,47,5,22,53.91,66.48,16,1.0,1.0
72,11126,47,5,25,54.96,66.43,16,1.0,1.0
73,11127,29,5,29,62.78,78.03,6,0.5862069,0.0
74,11128,79,5,22,81.43,79.09,12,0.5443038,1.0
75,11128,79,5,31,74.39,78.11,12,0.5443038,1.0
76,11128,79,5,26,75.46,80.08,12,0.5443038,1.0
77,11132,106,5,35,61.15,75.79,9,0.4811321,1.0
78,11132,106,5,32,66.55,76.1,9,0.4811321,1.0
79,11132,106,5,31,56.21,74.45,9,0.4811321,1.0
80,11133,29,5,29,72.0,80.0,7,0.41379312,1.0
81,11134,60,5,28,69.74,84.65,2,0.53333336,0.0
82,11134,60,5,32,69.8,82.93,2,0.53333336,0.0
83,11135,65,5,33,79.86,80.5,4,0.6,0.0
84,11135,65,5,32,72.14,79.48276,4,0.6,0.0
85,11144,80,5,27,56.12,66.08,10,0.525,0.0
86,11144,80,5,26,60.36,69.96,10,0.525,0.0
87,11144,80,5,27,61.96,62.26,10,0.525,0.0
88,11150,101,5,34,72.61,73.97,2,0.5247525,0.0
89,11150,101,5,33,66.1,70.71,2,0.5247525,0.0
90,11150,101,5,34,68.53,71.31,2,0.5247525,0.0
91,11151,42,5,22,48.95,69.28,42,0.52380955,1.0
92,11151,42,5,20,49.052776,52.72,42,0.52380955,1.0
93,11152,68,5,34,73.06,74.1,5,0.3382353,0.0
94,11152,68,5,34,75.5,79.53,5,0.3382353,0.0
95,11159,50,5,26,74.56,80.78,17,0.52,1.0
96,11159,50,5,24,58.83,70.21,17,0.52,1.0
97,11161,40,5,18,61.83,77.29,19,0.55,1.0
98,11161,40,5,22,62.145714,73.14619,19,0.55,1.0
99,11165,21,5,21,78.17,77.67,1,0.2857143,0.0
100,11168,24,5,24,58.48,73.26,5,0.375,0.0
101,11170,67,5,43,74.25,85.19,2,0.35820895,1.0
102,11170,67,5,24,77.52,86.09,2,0.35820895,1.0
103,11171,74,5,33,70.66,77.48,8,0.5540541,1.0
104,11171,74,5,41,63.49,69.85,8,0.5540541,1.0
105,11172,13,5,13,81.27,86.0,7,0.53846157,1.0
106,11181,64,5,32,68.32,71.96,8,0.53125,0.0
107,11181,64,5,32,59.64,72.79,8,0.53125,0.0
108,11182,46,5,23,69.35,79.39,9,0.5,1.0
109,11182,46,5,23,74.90238,82.763336,9,0.5,1.0
110,11183,79,5,39,64.06,78.25,1,0.49367088,0.0
111,11183,79,5,40,68.21,76.37,1,0.49367088,0.0
112,11184,81,5,41,74.71,78.89,5,0.4691358,1.0
113,11184,81,5,40,77.89,82.89,5,0.4691358,1.0
114,11187,115,5,37,67.83,74.89,4,0.49565217,0.0
115,11187,115,5,39,73.69,79.2,4,0.49565217,0.0
116,11187,115,5,40,84.08,81.27,4,0.49565217,0.0
117,11188,60,5,25,47.33,70.67,12,0.56666666,0.0
118,11188,60,5,30,39.416553,56.652412,12,0.56666666,0.0
119,11189,32,5,32,81.22,77.1,11,1.0,1.0
120,11190,81,5,27,63.15,69.96,5,0.4814815,0.0
121,11190,81,5,27,67.88,77.13,5,0.4814815,0.0
122,11190,81,5,27,72.78593,72.1968,5,0.4814815,0.0
123,11196,28,5,28,73.22,81.26,0,0.21428572,1.0
124,11201,99,5,35,67.38,78.24,3,0.4949495,0.0
125,11201,99,5,30,72.29,80.96,3,0.4949495,0.0
126,11201,99,5,34,70.97,77.72,3,0.4949495,0.0
127,11203,23,5,23,66.76,82.24,0,0.4347826,0.0
128,11205,20,5,20,70.0,78.0,3,0.45,1.0
129,11207,75,5,25,61.61,64.48,10,0.42666668,0.0
130,11207,75,5,27,66.96,68.19,10,0.42666668,0.0
131,11207,75,5,23,70.08,75.04,10,0.42666668,0.0
132,11209,33,5,33,59.41,76.16,0,0.36363637,0.0
133,11212,32,5,32,78.03,82.59,2,0.375,1.0
134,11213,101,5,36,75.14,76.83,7,0.5445545,0.0
135,11213,101,5,32,69.42,75.29,7,0.5445545,0.0
136,11213,101,5,33,70.998184,81.82212,7,0.5445545,0.0
137,11217,102,5,31,55.09,67.56,5,0.48039216,0.0
138,11217,102,5,35,65.37,71.17,5,0.48039216,0.0
139,11217,102,5,36,64.31,70.67,5,0.48039216,0.0
140,11218,107,5,32,73.93,77.53,6,0.5046729,0.0
141,11218,107,5,31,67.77,66.57,6,0.5046729,0.0
142,11218,107,5,32,65.53125,71.9,6,0.5046729,0.0
143,11219,22,5,22,80.25,79.0,3,0.22727273,0.0
144,11220,138,5,36,65.25,75.81,4,0.41304347,0.0
145,11220,138,5,34,75.87,79.23,4,0.41304347,0.0
146,11220,138,5,34,72.68,84.57,4,0.41304347,0.0
147,11220,138,5,34,79.91,83.06,4,0.41304347,0.0
148,11221,94,5,38,71.37,79.66,11,0.40425533,1.0
149,11222,75,5,26,67.71,79.42,3,0.61333334,1.0
150,11222,75,5,25,67.48,75.83,3,0.61333334,1.0
151,11222,75,5,24,65.57,70.23,3,0.61333334,1.0
152,11225,70,5,25,74.27,77.23,2,0.64285713,1.0
153,11227,114,5,33,66.71,81.39,0,0.51754385,0.0
154,11227,114,5,34,68.82,78.39,0,0.51754385,0.0
155,11227,114,5,35,65.540855,77.45828,0,0.51754385,0.0
156,11228,39,5,39,68.03,73.11,19,0.53846157,1.0
157,11233,53,5,28,64.08,76.4,11,0.43396226,1.0
158,11233,53,5,25,60.9,73.1,11,0.43396226,1.0
159,11234,214,5,34,65.54,74.11,10,0.4906542,0.0
160,11234,214,5,34,72.79,75.0,10,0.4906542,0.0
161,11234,214,5,34,65.47,78.06,10,0.4906542,0.0
162,11234,214,5,34,73.03,76.9,10,0.4906542,0.0
163,11235,39,5,40,63.13,79.39,8,0.46153846,0.0
164,11238,32,5,32,68.09,75.7,1,0.40625,0.0
165,11239,71,5,36,61.63,72.61,3,0.49295774,1.0
166,11239,71,5,35,68.71,79.65,3,0.49295774,1.0
167,11247,64,5,29,55.96,63.07,5,0.5,0.0
168,11247,64,5,35,57.0,68.54,5,0.5,0.0
169,11248,154,5,38,72.46,70.95,5,0.48701298,0.0
170,11248,154,5,39,68.67,74.76,5,0.48701298,0.0
171,11248,154,5,38,60.23,71.14,5,0.48701298,0.0
172,11248,154,5,39,66.25912,79.43618,5,0.48701298,0.0
173,11249,20,5,20,67.33,82.72,15,0.4,1.0
174,11250,125,5,38,68.0,75.29,8,0.44,0.0
175,11250,125,5,36,67.88,73.67,8,0.44,0.0
176,11250,125,5,36,65.76,72.38,8,0.44,0.0
177,11251,10,5,10,75.22,84.44,8,1.0,1.0
178,11256,30,5,30,71.89,77.56,3,0.33333334,0.0
179,11257,21,5,21,62.24,67.48,5,0.52380955,1.0
180,11258,59,5,23,71.85,77.8,3,0.3898305,0.0
181,11258,59,5,25,72.15,72.2,3,0.3898305,0.0
182,11259,58,5,19,67.33,78.04,0,0.36206895,0.0
183,11259,58,5,21,61.79,82.54,0,0.36206895,0.0
184,11281,29,5,29,76.46,85.38,3,0.51724136,1.0
185,11295,22,5,15,56.41,72.21,5,1.0,1.0
186,11307,30,5,30,75.27,74.59,5,0.36666667,0.0
187,11317,28,5,28,66.31,73.88,0,0.0,1.0
188,21005,22,5,22,69.39,81.0,0,0.36363637,0.0
189,21006,63,5,31,65.0,81.72,2,0.3968254,0.0
190,21006,63,5,32,62.17,78.92,2,0.3968254,0.0
191,21010,18,5,18,62.5,71.29,43,0.33333334,1.0
192,21012,33,5,33,67.0,84.0,1,0.5151515,0.0
193,21013,24,5,24,87.2,88.2,0,0.625,0.0
194,21021,21,5,21,66.38,76.25,0,0.3809524,0.0
195,21026,95,5,26,74.42,75.12,27,0.51578945,0.0
196,21026,95,5,25,69.54,71.83,27,0.51578945,0.0
197,21026,95,5,26,57.26,68.59,27,0.51578945,0.0
198,21026,95,5,9,66.5,74.67,27,0.51578945,0.0
199,21028,42,5,27,62.41,65.6,40,0.5,0.0
200,21029,42,5,22,60.87,65.91,44,0.52380955,1.0
201,21029,42,5,20,59.31,71.0,44,0.52380955,1.0
202,21030,42,5,33,57.69,64.72,65,0.42857143,1.0
203,21031,52,5,26,63.85,73.84,36,0.46153846,1.0
204,21031,52,5,26,72.15,76.11539,36,0.46153846,1.0
205,21032,51,5,24,55.73,70.0,13,0.4509804,0.0
206,21032,51,5,27,59.35,68.25,13,0.4509804,0.0
207,21041,23,5,23,69.0,85.0,3,0.5652174,0.0
208,21042,37,5,26,51.1,78.38,0,0.5675676,0.0
209,21043,45,5,23,61.91,77.86,1,0.46666667,0.0
210,21043,45,5,22,58.57,82.36,1,0.46666667,0.0
211,21048,81,5,27,72.0,70.18,13,0.45679012,0.0
212,21048,81,5,26,62.2,71.04,13,0.45679012,0.0
213,21048,81,5,28,69.64,75.92,13,0.45679012,0.0
214,21050,54,5,26,67.56,77.43,3,0.42592594,0.0
215,21050,54,5,28,72.04,85.36,3,0.42592594,0.0
216,21052,24,5,24,65.77,84.23,0,0.5416667,0.0
217,21057,51,5,25,71.95,88.87,2,0.50980395,0.0
218,21057,51,5,26,66.404,83.3596,2,0.50980395,0.0
219,21064,52,5,25,56.5,70.0,1,0.46153846,0.0
220,21064,52,5,27,54.74,69.08,1,0.46153846,0.0
221,21065,14,5,14,71.0,86.0,0,0.5,0.0
222,21067,45,5,21,64.25,62.43,38,0.51111114,0.0
223,21067,45,5,24,58.73,61.83,38,0.51111114,0.0
224,21068,59,5,30,56.7,72.83,33,0.4915254,1.0
225,21068,59,5,29,64.41035,69.54862,33,0.4915254,1.0
226,21069,114,5,34,58.69,67.31,16,0.40350878,0.0
227,21069,114,5,36,69.13,71.84,16,0.40350878,0.0
228,21069,114,5,33,68.19774,68.12258,16,0.40350878,0.0
229,21070,120,5,36,55.0,57.91,14,0.5,0.0
230,21070,120,5,35,69.6,72.2,14,0.5,0.0
231,21070,120,5,35,57.96875,64.16267,14,0.5,0.0
232,21073,95,5,31,76.42,76.71,16,0.47368422,0.0
233,21073,95,5,30,63.55,66.07,16,0.47368422,0.0
234,21073,95,5,34,67.14939,73.063,16,0.47368422,0.0
235,21074,42,5,21,37.8,44.45,52,0.52380955,0.0
236,21074,42,5,21,41.72,46.24,52,0.52380955,0.0
237,21077,25,5,25,46.27,57.59,48,0.44,1.0
238,21078,85,5,29,57.58,62.33,36,0.5411765,1.0
239,21078,85,5,29,55.36,70.75,36,0.5411765,1.0
240,21078,85,5,27,59.83,72.19,36,0.5411765,1.0
241,21079,31,5,31,48.0,57.0,60,0.48387095,1.0
242,21080,24,5,24,59.46,69.46,14,0.33333334,0.0
243,21081,24,5,24,51.33,65.0,49,0.5833333,1.0
244,21088,35,5,35,70.97,78.07,7,0.51428574,0.0
245,21089,65,5,33,68.94,70.83,14,0.50769234,0.0
246,21089,65,5,32,80.47,75.53,14,0.50769234,0.0
247,21090,29,5,21,69.0,78.0,42,0.5862069,1.0
248,21091,22,5,22,60.61,79.67,0,0.3181818,0.0
249,21093,41,5,20,71.56,80.53,0,0.5121951,0.0
250,21093,41,5,21,67.6,84.57,0,0.5121951,0.0
251,21094,80,5,41,58.38,75.05,3,0.45,0.0
252,21094,80,5,39,61.66,76.42,3,0.45,0.0
253,21095,22,5,22,69.18,77.95,2,0.5,0.0
254,21096,60,5,23,68.91,82.61,3,0.5,0.0
255,21096,60,5,24,76.13,83.04,3,0.5,0.0
256,21097,53,5,27,62.29,80.14,0,0.5283019,0.0
257,21097,53,5,26,59.452,79.846,0,0.5283019,0.0
258,21102,65,5,33,72.97,84.91,8,0.3846154,0.0
259,21102,65,5,32,77.2,85.53,8,0.3846154,0.0
260,21105,18,5,18,69.29,81.59,0,0.5555556,0.0
261,21111,33,5,22,65.9,65.75,49,0.45454547,1.0
262,21112,94,5,30,54.46,73.08,7,0.4574468,1.0
263,21112,94,5,31,55.61,68.96,7,0.4574468,1.0
264,21112,94,5,33,48.88741,74.112595,7,0.4574468,1.0
265,21114,20,5,20,70.12,78.59,1,0.35,0.0
266,21116,15,5,15,69.87,84.53,25,0.46666667,0.0
267,21117,72,5,29,74.83,68.54,21,0.43055555,0.0
268,21117,72,5,30,81.17,71.51408,21,0.43055555,0.0
269,21118,88,5,37,70.79,78.39,24,0.39772728,0.0
270,21118,88,5,37,65.86,76.2,24,0.39772728,0.0
271,21119,30,5,20,47.0,72.0,63,0.5,1.0
272,21123,17,5,17,77.71,77.81,0,0.5294118,0.0
273,21126,20,5,20,76.21,79.74,3,0.5,0.0
274,21127,46,5,21,52.29,59.88,43,0.54347825,1.0
275,21127,46,5,25,68.4035,74.902,43,0.54347825,1.0
276,21130,23,5,23,53.92,65.83,22,0.5652174,0.0
277,21132,66,5,28,75.04,85.4,0,0.3939394,0.0
278,21132,66,5,28,72.86957,80.391304,0,0.3939394,0.0
279,21134,23,5,23,73.37,80.63,10,0.4347826,0.0
280,21137,87,5,29,60.62,74.45,18,0.4827586,0.0
281,21137,87,5,30,60.71,71.29,18,0.4827586,0.0
282,21137,87,5,28,61.83,77.113335,18,0.4827586,0.0
283,21138,25,5,25,58.18,75.73,48,0.4,1.0
284,21141,16,5,16,73.81,80.88,0,0.3125,0.0
285,21144,51,5,25,82.3,83.57,1,0.4509804,0.0
286,21144,51,5,26,77.63,83.88,1,0.4509804,0.0
287,21145,82,5,27,85.27,86.42,3,0.46341464,0.0
288,21145,82,5,29,78.86,85.0,3,0.46341464,0.0
289,21145,82,5,26,76.00154,83.58,3,0.46341464,0.0
290,21146,48,5,24,68.0,66.85,17,0.5833333,0.0
291,21146,48,5,24,63.7,75.0,17,0.5833333,0.0
292,21147,124,5,39,71.41,77.16,3,0.5403226,0.0
293,21147,124,5,38,68.56,78.33,3,0.5403226,0.0
294,21147,124,5,37,73.42,72.47,3,0.5403226,0.0
295,21148,42,5,22,48.7,64.15,38,0.3809524,0.0
296,21148,42,5,20,47.263157,63.842106,38,0.3809524,0.0
297,21149,92,5,31,54.35,66.83,20,0.5652174,0.0
298,21149,92,5,30,55.66,62.54,20,0.5652174,0.0
299,21149,92,5,31,62.64,74.52,20,0.5652174,0.0
300,21151,120,5,40,70.44,79.53,4,0.51666665,0.0
301,21151,120,5,40,68.92,76.77,4,0.51666665,0.0
302,21151,120,5,40,72.75,81.61,4,0.51666665,0.0
303,21153,24,5,24,62.0,74.0,30,0.5,1.0
304,21160,41,5,27,62.17,73.11,24,0.41463414,0.0
305,21160,41,5,27,43.26,60.67,24,0.41463414,0.0
306,21162,52,5,40,60.13,64.0,22,0.5192308,0.0
307,21163,26,5,26,53.79,69.04,20,0.5,0.0
308,21166,23,5,24,67.61,85.65,2,0.5217391,0.0
309,21168,43,5,21,73.33,84.56,0,0.4651163,0.0
310,21168,43,5,22,72.71714,81.44,0,0.4651163,0.0
311,21171,23,5,23,78.53,88.21,0,0.5652174,0.0
312,21173,34,5,34,63.97,79.79,4,0.3529412,0.0
313,21175,42,5,22,64.5,76.78,0,0.5,0.0
314,21175,42,5,20,59.857143,79.098,0,0.5,0.0
315,21176,12,5,12,63.91,68.8,3,0.33333334,0.0
316,21178,48,5,27,57.71,73.17,21,0.41666666,0.0
317,21178,48,5,21,64.1584,57.170418,21,0.41666666,0.0
318,21179,113,5,34,65.87,72.03,23,0.46902654,0.0
319,21179,113,5,32,58.75,58.11,23,0.46902654,0.0
320,21179,113,5,32,64.43,71.69,23,0.46902654,0.0
321,21181,83,5,37,69.31,84.32,15,0.43373495,0.0
322,21181,83,5,34,64.61,76.54,15,0.43373495,0.0
323,21182,54,5,25,55.62,61.63,5,0.537037,0.0
324,21182,54,5,29,52.761177,66.10667,5,0.537037,0.0
325,21184,46,5,23,71.68,75.86,33,0.54347825,1.0
326,21184,46,5,23,77.21,76.89,33,0.54347825,1.0
327,21185,38,5,19,57.11,73.89,35,0.5,1.0
328,21185,38,5,19,60.89,70.11,35,0.5,1.0
329,21190,72,5,32,56.58,57.41,30,0.5277778,0.0
330,21190,72,5,32,65.66,67.65,30,0.5277778,0.0
331,21191,128,5,40,71.86,75.24,11,0.5390625,0.0
332,21191,128,5,40,72.03,75.14,11,0.5390625,0.0
333,21191,128,5,39,69.45,72.8,11,0.5390625,0.0
334,21192,81,5,36,58.0,64.47,20,0.50617284,0.0
335,21192,81,5,36,51.11,55.92,20,0.50617284,0.0
336,21194,86,5,29,57.33,58.7,28,0.5,1.0
337,21194,86,5,29,61.06,66.97,28,0.5,1.0
338,21194,86,5,28,81.246,87.606,28,0.5,1.0
339,21195,48,5,21,55.04,64.83,71,0.41666666,1.0
340,21195,48,5,27,41.96,58.71,71,0.41666666,1.0
341,21196,41,5,20,44.8,62.68,76,0.5121951,1.0
342,21196,41,5,21,39.05263,55.32,76,0.5121951,1.0
343,21200,24,5,24,81.5,82.67,5,0.375,0.0
344,21201,27,5,14,60.08,62.54,49,0.4814815,1.0
345,21201,27,5,13,47.5,54.67,49,0.4814815,1.0
346,21203,56,5,27,69.47,77.89,8,0.5,0.0
347,21203,56,5,29,65.85,74.74,8,0.5,0.0
348,21204,27,5,27,65.11,74.89,41,0.5555556,0.0
349,21205,75,5,36,68.67,72.13,21,0.49333334,0.0
350,21205,75,5,39,63.92,74.97,21,0.49333334,0.0
351,21206,35,5,35,62.79,72.21,32,0.4857143,1.0
352,21208,60,5,27,60.3,64.67,40,0.51666665,0.0
353,21208,60,5,33,64.59,72.25,40,0.51666665,0.0
354,21209,75,5,38,62.38,67.74,41,0.49333334,0.0
355,21209,75,5,37,74.83,76.75,41,0.49333334,0.0
356,21210,66,5,33,69.38,71.62,46,0.5,0.0
357,21210,66,5,33,67.87,65.83,46,0.5,0.0
358,21211,22,5,22,66.43,58.2,56,0.45454547,1.0
359,21212,56,5,28,66.4,74.6,44,0.48214287,1.0
360,21212,56,5,28,67.93,65.36,44,0.48214287,1.0
361,21213,22,5,22,72.33,80.9,0,0.3181818,0.0
362,21214,34,5,34,71.0,80.0,4,0.5,0.0
363,21215,41,5,21,70.67,82.05,3,0.5121951,0.0
364,21215,41,5,20,72.0,85.0,3,0.5121951,0.0
365,21221,52,5,25,67.33,73.47,6,0.48076922,0.0
366,21221,52,5,27,75.17,78.58,6,0.48076922,0.0
367,21227,109,5,32,60.52,81.29,4,0.4587156,1.0
368,21227,109,5,31,49.58,71.65,4,0.4587156,1.0
369,21227,109,5,31,59.99286,80.33741,4,0.4587156,1.0
370,21229,12,5,12,50.17,77.27,5,0.5,1.0
371,21235,25,5,25,44.0,63.0,35,0.56,0.0
372,21236,44,5,24,63.0,75.76,35,0.4318182,1.0
373,21236,44,5,20,62.94,64.29,35,0.4318182,1.0
374,21241,43,5,22,65.9,76.65,2,0.4883721,0.0
375,21241,43,5,21,72.1,79.35,2,0.4883721,0.0
376,21258,20,5,20,51.1,69.75,63,0.4,1.0
377,21265,58,5,32,64.35,71.9,34,0.5689655,0.0
378,21265,58,5,26,68.92,76.88,34,0.5689655,0.0
379,21268,99,5,28,63.82,64.95,38,0.43434343,1.0
380,21268,99,5,28,50.59,60.41,38,0.43434343,1.0
381,21273,34,5,23,56.0,65.0,33,0.47058824,0.0
382,21275,21,5,21,59.9,75.38,11,0.6666667,0.0
383,21276,23,5,23,58.43,72.57,59,0.73913044,1.0
384,21277,59,5,29,53.57,67.58,11,0.5762712,0.0
385,21277,59,5,30,46.175,58.2368,11,0.5762712,0.0
386,21279,50,5,26,69.42,72.62,34,0.52,1.0
387,21279,50,5,24,64.16,67.64,34,0.52,1.0
388,21280,17,5,17,69.0,77.0,7,0.4117647,0.0
389,21281,48,5,27,71.06,76.5,43,0.4375,1.0
390,21281,48,5,21,74.92,76.77,43,0.4375,1.0
391,21282,65,5,27,67.63,72.08,31,0.44615385,0.0
392,21282,65,5,27,58.53536,71.92308,31,0.44615385,0.0
393,21285,24,5,24,56.19,63.1,45,0.625,0.0
394,21293,50,5,25,68.6,74.56,27,0.52,0.0
395,21293,50,5,25,67.44444,75.40741,27,0.52,0.0
396,21307,86,5,40,67.63,69.63,10,0.5,0.0
397,21307,86,5,40,68.47,75.43,10,0.5,0.0
398,21310,64,5,26,72.73,79.2,44,0.4375,1.0
399,21310,64,5,26,53.89158,68.52631,44,0.4375,1.0
400,21312,70,5,36,64.0,76.24,10,0.62857145,0.0
401,21312,70,5,34,53.77,76.61,10,0.62857145,0.0
402,21313,45,5,23,61.72,85.5,3,0.6,0.0
403,21313,45,5,22,67.17,83.67,3,0.6,0.0
404,21315,74,5,27,65.495415,84.1713,8,0.36486486,1.0
405,21316,33,5,11,58.0,64.44,24,0.6666667,1.0
406,21316,33,5,22,49.9,64.0,24,0.6666667,1.0
407,21322,100,5,33,67.24,68.75,24,0.44,0.0
408,21322,100,5,33,71.31,69.09,24,0.44,0.0
409,21322,100,5,34,73.79,73.29,24,0.44,0.0
410,21323,48,5,25,74.08,84.71,4,0.4375,0.0
411,21323,48,5,23,65.104,85.36632,4,0.4375,0.0
412,21327,45,5,23,75.9,78.25,1,0.5777778,0.0
413,21327,45,5,22,70.45,81.55,1,0.5777778,0.0
414,21328,80,5,40,59.92,65.46,12,0.4875,0.0
415,21328,80,5,40,64.134735,68.5853,12,0.4875,0.0
416,21330,74,5,37,49.37,73.73,6,0.5135135,0.0
417,21330,74,5,37,50.92,74.62,6,0.5135135,0.0
418,21331,57,5,31,65.03,75.3,19,0.5263158,0.0
419,21331,57,5,26,58.38,64.7,19,0.5263158,0.0
420,21338,89,5,38,64.85,76.55,5,0.5505618,0.0
421,21338,89,5,40,57.048683,73.45,5,0.5505618,0.0
422,21340,60,5,30,64.86,75.46,30,0.51666665,0.0
423,21340,60,5,30,50.54,64.18,30,0.51666665,0.0
424,21341,120,5,40,67.37,75.91,0,0.425,0.0
425,21341,120,5,40,64.09,72.9,0,0.425,0.0
426,21341,120,5,40,67.41,80.33,0,0.425,0.0
427,21350,74,5,30,68.83,67.91,32,0.47297296,0.0
428,21350,74,5,28,60.728077,63.687893,32,0.47297296,0.0
429,21351,43,5,21,71.67,86.29,0,0.41860464,0.0
430,21351,43,5,22,77.22,89.61,0,0.41860464,0.0
431,21356,58,5,29,69.25,70.85,28,0.5,1.0
432,21356,58,5,29,60.46,67.95,28,0.5,1.0
433,21357,19,5,19,69.05,77.42,0,0.47368422,1.0
434,21359,43,5,21,54.05,70.74,10,0.4883721,1.0
435,21359,43,5,22,59.547726,71.247,10,0.4883721,1.0
436,21361,105,5,39,53.62,72.5,2,0.42857143,0.0
437,21361,105,5,33,58.1,64.66,2,0.42857143,0.0
438,21361,105,5,33,53.517933,75.58138,2,0.42857143,0.0
439,21362,62,5,31,61.89,70.44,13,0.5483871,0.0
440,21362,62,5,31,72.42,74.16,13,0.5483871,0.0
441,21363,149,5,38,71.45,75.32,9,0.4362416,0.0
442,21363,149,5,28,55.79,71.43,9,0.4362416,0.0
443,21363,149,5,35,59.6,71.71,9,0.4362416,0.0
444,21363,149,5,38,68.24,72.95,9,0.4362416,0.0
445,21366,133,5,32,74.45,86.66,1,0.57894737,0.0
446,21366,133,5,34,74.71,81.03,1,0.57894737,0.0
447,21366,133,5,33,72.09,76.0,1,0.57894737,0.0
448,21366,133,5,34,74.12,82.21,1,0.57894737,0.0
449,21367,131,5,32,62.19,75.96,3,0.48854962,0.0
450,21367,131,5,34,67.82,76.77,3,0.48854962,0.0
451,21367,131,5,33,59.59,78.77,3,0.48854962,0.0
452,21367,131,5,32,67.094345,81.3019,3,0.48854962,0.0
453,21370,68,5,34,66.94,73.22,9,0.4852941,0.0
454,21370,68,5,34,74.56,72.84,9,0.4852941,0.0
455,21371,79,5,39,66.06,77.09,3,0.37974682,0.0
456,21371,79,5,40,79.3,86.18,3,0.37974682,0.0
457,21373,50,5,25,81.6,84.2,1,0.54,0.0
458,21373,50,5,25,78.82,85.18,1,0.54,0.0
459,21374,47,5,24,83.29,84.43,0,0.5319149,0.0
460,21374,47,5,23,84.68,83.91,0,0.5319149,0.0
461,21375,78,5,39,54.51,63.21,11,0.43589744,0.0
462,21375,78,5,39,54.08,62.94,11,0.43589744,0.0
463,21379,70,5,35,68.83,77.74,12,0.4,0.0
464,21379,70,5,35,69.76,69.79,12,0.4,0.0
465,31001,72,5,30,63.04,60.39,31,0.4861111,0.0
466,31001,72,5,28,63.07,62.24,31,0.4861111,0.0
467,31002,60,5,23,73.26,79.65,41,0.6166667,1.0
468,31002,60,5,29,67.33,64.95,41,0.6166667,1.0
469,31007,62,5,22,79.95,83.15,7,0.41935483,0.0
470,31007,62,5,22,69.91,78.86,7,0.41935483,0.0
471,31008,18,5,18,61.85,62.69,42,0.6111111,1.0
472,31012,19,5,19,55.0,74.0,4,0.42105263,0.0
473,31017,95,5,33,65.97,71.0,12,0.48421052,0.0
474,31017,95,5,30,65.69,76.96,12,0.48421052,0.0
475,31017,95,5,32,65.63,73.53,12,0.48421052,0.0
476,31019,20,5,20,69.2,70.45,32,0.65,1.0
477,31021,74,5,31,45.2,63.12,32,0.5135135,0.0
478,31021,74,5,31,54.13,69.42,32,0.5135135,0.0
479,31022,134,5,40,60.97,73.58,7,0.48507464,0.0
480,31022,134,5,41,65.05,79.44,7,0.48507464,0.0
481,31022,134,5,40,60.53,78.15,7,0.48507464,0.0
482,31023,145,5,36,69.6,78.26,5,0.51724136,0.0
483,31023,145,5,37,83.3,79.64,5,0.51724136,0.0
484,31023,145,5,36,53.67,67.47,5,0.51724136,0.0
485,31023,145,5,36,66.29,71.69,5,0.51724136,0.0
486,31025,71,5,27,68.21,73.5,17,0.47887325,0.0
487,31025,71,5,32,63.44,71.33,17,0.47887325,0.0
488,31026,48,5,35,57.47,66.7,30,0.375,0.0
489,31027,87,5,35,77.71,80.38,10,0.49425286,0.0
490,31027,87,5,37,72.93,80.77,10,0.49425286,0.0
491,31028,61,5,23,55.43,69.56,13,0.39344263,0.0
492,31028,61,5,25,52.38,69.55,13,0.39344263,0.0
493,31029,17,5,17,63.76,63.24,58,0.29411766,1.0
494,31030,45,5,23,63.29,67.77,31,0.44444445,1.0
495,31030,45,5,22,58.15,71.0,31,0.44444445,1.0
496,31031,44,5,20,68.12,72.24,41,0.47727272,1.0
497,31031,44,5,24,74.264,71.68616,41,0.47727272,1.0
498,31033,26,5,26,46.7,60.0,41,0.42307693,1.0
499,31034,14,5,14,78.38,74.69,36,0.42857143,1.0
500,31035,59,5,35,68.43,78.36,26,0.55932206,1.0
501,31035,59,5,34,63.3,70.89,26,0.55932206,1.0
502,31037,158,5,40,79.69,82.92,1,0.51898736,0.0
503,31037,158,5,40,79.55,86.34,1,0.51898736,0.0
504,31037,158,5,40,79.51,82.28,1,0.51898736,0.0
505,31037,158,5,38,85.56389,84.54811,1,0.51898736,0.0
506,31038,112,5,33,69.91,79.39,1,0.4732143,0.0
507,31038,112,5,32,81.06,82.68,1,0.4732143,0.0
508,31038,112,5,30,70.47931,81.130455,1,0.4732143,0.0
509,31039,153,5,39,77.05,81.17,3,0.48366013,0.0
510,31039,153,5,38,80.74,84.22,3,0.48366013,0.0
511,31039,153,5,38,74.18,79.55,3,0.48366013,0.0
512,31039,153,5,38,80.305275,83.34563,3,0.48366013,0.0
513,31040,44,5,40,80.36,83.61,4,0.4090909,0.0
514,31045,84,5,35,72.49,84.06,8,0.5833333,0.0
515,31045,84,5,37,67.18,73.41,8,0.5833333,0.0
516,31046,42,5,32,61.1,71.53,10,0.45238096,0.0
517,31047,171,5,35,74.94,68.06,3,0.4385965,0.0
518,31047,171,5,34,65.73,80.3,3,0.4385965,0.0
519,31047,171,5,35,67.61,72.74,3,0.4385965,0.0
520,31047,171,5,27,93.93,93.86,3,0.4385965,0.0
521,31048,55,5,20,58.04,77.45,11,0.4,0.0
522,31048,55,5,12,71.95,77.16,11,0.4,0.0
523,31049,59,5,27,86.77,85.16,2,0.37288135,0.0
524,31049,59,5,32,81.81757,84.878784,2,0.37288135,0.0
525,31052,85,5,28,85.07,83.56,2,0.43529412,0.0
526,31052,85,5,29,85.52,87.0,2,0.43529412,0.0
527,31052,85,5,28,85.24,86.92,2,0.43529412,0.0
528,31055,71,5,37,78.03,85.91,3,0.47887325,0.0
529,31055,71,5,34,75.79,85.26,3,0.47887325,0.0
530,31056,90,5,33,67.6,73.1,4,0.45555556,0.0
531,31056,90,5,36,70.4,81.16897,4,0.45555556,0.0
532,31060,78,5,29,62.25,67.78,13,0.53846157,0.0
533,31060,78,5,29,57.41,70.87,13,0.53846157,0.0
534,31062,154,5,34,67.94,77.3,5,0.46103895,0.0
535,31062,154,5,37,74.54,81.69,5,0.46103895,0.0
536,31062,154,5,35,69.21,74.13,5,0.46103895,0.0
537,31062,154,5,38,77.35,80.08,5,0.46103895,0.0
538,31063,41,5,21,68.61,79.83,6,0.5121951,0.0
539,31063,41,5,20,69.27,79.47,6,0.5121951,0.0
540,31067,71,5,26,60.84,76.5,17,0.5070422,0.0
541,31067,71,5,22,63.37,67.63,17,0.5070422,0.0
542,31068,48,5,24,64.05,67.33,15,0.47916666,0.0
543,31068,48,5,24,66.43,65.43,15,0.47916666,0.0
544,31069,69,5,24,62.5,81.79,6,0.46376812,0.0
545,31069,69,5,26,60.28,73.52,6,0.46376812,0.0
546,31070,47,5,37,70.24,75.04,11,0.38297874,0.0
547,31073,26,5,26,62.2,71.14,16,0.42307693,0.0
548,31075,80,5,37,85.19,88.59,6,0.475,0.0
549,31075,80,5,34,86.81,87.41,6,0.475,0.0
550,31077,77,5,26,74.36,68.09,13,0.4935065,0.0
551,31077,77,5,26,71.22,72.48,13,0.4935065,0.0
552,31078,90,5,39,82.12,77.85,4,0.51111114,0.0
553,31078,90,5,37,75.67871,78.165,4,0.51111114,0.0
554,31079,79,5,20,70.14,75.62,12,0.4556962,1.0
555,31079,79,5,20,73.05,82.89,12,0.4556962,1.0
556,31079,79,5,32,59.097187,74.32484,12,0.4556962,1.0
557,31083,22,5,22,69.94,75.86,38,0.4090909,1.0
558,31084,64,5,33,80.1,83.84,8,0.53125,1.0
559,31084,64,5,31,72.69,81.91,8,0.53125,1.0
560,31085,23,5,23,52.11,69.5,28,0.2173913,1.0
561,31086,9,5,9,47.18,46.33,51,0.8888889,1.0
562,31087,66,5,33,76.46,84.63,5,0.56060606,1.0
563,31087,66,5,33,75.49687,85.381935,5,0.56060606,1.0
564,31089,52,5,26,63.91,64.7,15,0.48076922,0.0
565,31089,52,5,26,70.04,70.73,15,0.48076922,0.0
566,31090,116,5,29,67.04,65.72,17,0.5086207,0.0
567,31090,116,5,26,66.12,62.27,17,0.5086207,0.0
568,31090,116,5,28,68.11,68.68,17,0.5086207,0.0
569,31090,116,5,22,70.86,71.29,17,0.5086207,0.0
570,31092,16,5,16,58.58,73.27,23,0.6875,1.0
571,31095,22,5,22,83.47,84.8,0,0.45454547,0.0
572,31097,118,5,40,58.18,76.67,10,0.4661017,0.0
573,31097,118,5,40,59.05,73.0,10,0.4661017,0.0
574,31097,118,5,38,59.81027,72.28229,10,0.4661017,0.0
575,31098,57,5,24,63.48,59.87,16,0.45614034,0.0
576,31098,57,5,9,67.42,63.57,16,0.45614034,0.0
577,31099,27,5,27,64.88,72.19,20,0.6666667,0.0
578,31100,144,5,34,69.15,76.35,10,0.44444445,0.0
579,31100,144,5,30,64.22,80.33,10,0.44444445,0.0
580,31100,144,5,35,54.52,69.68,10,0.44444445,0.0
581,31100,144,5,35,60.096333,73.99934,10,0.44444445,0.0
582,31101,40,5,40,57.18,60.18,50,0.35,1.0
583,31102,102,5,22,72.0,72.87,14,0.7058824,1.0
584,31102,102,5,22,73.9,84.1,14,0.7058824,1.0
585,31102,102,5,21,77.3,75.35,14,0.7058824,1.0
586,31102,102,5,22,74.48,77.05,14,0.7058824,1.0
587,31103,19,5,19,72.32,78.91,2,0.5263158,0.0
588,31107,63,5,31,64.43,78.8,7,0.4920635,0.0
589,31107,63,5,32,61.41,75.9,7,0.4920635,0.0
590,31108,21,5,21,77.0,82.0,28,0.52380955,1.0
591,31109,89,5,38,64.97,75.19,2,0.41573033,0.0
592,31109,89,5,37,69.27,77.59,2,0.41573033,0.0
593,31114,20,5,20,67.0,79.0,1,0.45,0.0
594,31115,17,5,17,62.53,73.06,0,0.4117647,0.0
595,31116,33,5,33,74.67,86.48,0,0.45454547,0.0
596,31120,16,5,16,66.0,74.0,11,0.5625,1.0
597,31121,56,5,24,76.36,77.04,13,0.5714286,0.0
598,31121,56,5,20,60.13,64.25,13,0.5714286,0.0
599,31122,52,5,33,80.67,80.35,9,0.40384614,0.0
600,31122,52,5,33,73.0364,77.596,9,0.40384614,0.0
601,31125,35,5,35,75.97,73.0,17,0.42857143,0.0
602,31129,43,5,21,61.0,80.69,2,0.5116279,0.0
603,31129,43,5,22,59.94,78.06,2,0.5116279,0.0
604,31130,20,5,20,68.0,79.33,2,0.6,0.0
605,31132,20,5,20,67.0,74.0,18,0.5,0.0
606,31133,40,5,40,65.79,73.15,19,0.55,0.0
607,31134,14,5,14,44.69,64.38,46,0.35714287,1.0
608,31135,100,5,29,66.96,75.5,6,0.46,0.0
609,31135,100,5,29,58.16,73.08,6,0.46,0.0
610,31135,100,5,32,57.12,67.44,6,0.46,0.0
611,31136,56,5,23,67.33,70.52,21,0.4642857,0.0
612,31136,56,5,23,68.61174,77.045,21,0.4642857,0.0
613,31139,63,5,30,64.81,73.65,22,0.6031746,1.0
614,31139,63,5,33,60.66,73.45,22,0.6031746,1.0
615,31141,20,5,20,44.0,53.0,60,0.4,1.0
616,31143,112,5,36,73.88,78.55,4,0.5714286,0.0
617,31143,112,5,34,69.48,79.1,4,0.5714286,0.0
618,31143,112,5,32,73.44,74.48,4,0.5714286,0.0
619,31145,127,5,35,71.14,80.14,2,0.511811,0.0
620,31145,127,5,36,78.13,82.29,2,0.511811,0.0
621,31145,127,5,32,74.26,80.48,2,0.511811,0.0
622,31148,92,5,34,60.32,74.0,14,0.4021739,0.0
623,31148,92,5,29,55.59,68.3,14,0.4021739,0.0
624,31148,92,5,29,60.16,66.28,14,0.4021739,0.0
625,31151,29,5,29,70.0,80.0,9,0.55172414,0.0
626,31152,51,5,26,74.28,79.56,5,0.4117647,0.0
627,31152,51,5,25,74.2,84.04,5,0.4117647,0.0
628,31153,99,5,28,77.68,85.17,2,0.5252525,0.0
629,31153,99,5,32,81.26,81.42,2,0.5252525,0.0
630,31153,99,5,28,76.22,79.26,2,0.5252525,0.0
631,31154,10,5,10,72.2,77.4,40,0.5,1.0
632,31156,117,5,36,68.86,78.23,6,0.47863248,0.0
633,31156,117,5,33,63.84,73.87,6,0.47863248,0.0
634,31156,117,5,30,62.26,77.74,6,0.47863248,0.0
635,31157,81,5,29,70.59,70.8,17,0.4814815,0.0
636,31157,81,5,30,67.41,69.27273,17,0.4814815,0.0
637,31159,49,5,21,73.0,71.96,57,0.5714286,1.0
638,31160,95,5,30,54.18,73.68,5,0.4526316,0.0
639,31160,95,5,33,71.03,82.36,5,0.4526316,0.0
640,31160,95,5,32,62.131332,76.76276,5,0.4526316,0.0
641,31161,92,5,28,75.92,80.12,5,0.54347825,0.0
642,31161,92,5,30,77.86,82.42,5,0.54347825,0.0
643,31161,92,5,34,74.435,80.54788,5,0.54347825,0.0
644,31162,69,5,34,72.32,82.42,13,0.49275362,1.0
645,31162,69,5,35,78.94,83.31,13,0.49275362,1.0
646,31164,25,5,25,76.0,82.0,15,0.52,0.0
647,31165,20,5,20,69.7,75.7,43,0.5,1.0
648,31167,14,5,14,81.27,86.1,4,0.42857143,0.0
649,31168,11,5,11,81.82,87.45,0,0.36363637,0.0
650,31188,127,5,34,61.06,67.03,15,0.44094488,0.0
651,31188,127,5,34,53.81,67.83,15,0.44094488,0.0
652,31188,127,5,35,62.29,67.0,15,0.44094488,0.0
653,31189,113,5,35,64.36,73.75,7,0.5221239,0.0
654,31189,113,5,30,63.32,77.65,7,0.5221239,0.0
655,31189,113,5,28,57.12,71.76,7,0.5221239,0.0
656,31207,44,5,31,52.0,75.19,9,0.4318182,0.0
657,31208,92,5,29,80.0,84.0,2,0.4673913,0.0
658,31208,92,5,30,68.2,74.72,2,0.4673913,0.0
659,31208,92,5,33,75.0,72.27,2,0.4673913,0.0
660,31209,92,5,38,77.48,85.11,8,0.47826087,0.0
661,31209,92,5,38,73.03059,79.45545,8,0.47826087,0.0
662,31210,78,5,40,80.53,83.24,3,0.43589744,0.0
663,31210,78,5,38,81.33,83.95,3,0.43589744,0.0
664,31212,29,5,29,56.0,66.0,44,0.6551724,1.0
665,31213,70,5,27,79.58,73.0,20,0.3,0.0
666,31213,70,5,29,79.14,77.27,20,0.3,0.0
667,31214,35,5,25,81.0,84.0,4,0.45714286,0.0
668,31216,150,5,38,77.92,84.49,6,0.46,0.0
669,31216,150,5,30,70.43,79.88,6,0.46,0.0
670,31216,150,5,33,74.0,80.41,6,0.46,0.0
671,31216,150,5,34,76.81185,86.49928,6,0.46,0.0
672,31217,116,5,34,47.73,52.25,26,0.41379312,0.0
673,31217,116,5,35,55.53,69.24,26,0.41379312,0.0
674,31217,116,5,34,59.27786,71.63,26,0.41379312,0.0
675,31219,47,5,19,31.45,46.77,40,0.42553192,0.0
676,31219,47,5,19,47.0,54.0,40,0.42553192,0.0
677,31220,121,5,38,67.71,70.71,11,0.5206612,0.0
678,31220,121,5,38,75.97,76.11,11,0.5206612,0.0
679,31220,121,5,36,59.647778,65.57883,11,0.5206612,0.0
680,31222,42,5,21,63.88,66.76,44,0.5714286,1.0
681,31222,42,5,21,62.22,73.06,44,0.5714286,1.0
682,31224,22,5,22,48.57,52.37,50,0.54545456,1.0
683,31232,24,5,12,60.82,76.18,6,0.5,0.0
684,31235,100,5,31,75.04,76.63,3,0.52,0.0
685,31235,100,5,14,80.07,76.27,3,0.52,0.0
686,31235,100,5,28,75.96655,78.11423,3,0.52,0.0
687,31237,48,5,27,87.05,86.43,2,0.5416667,0.0
688,31237,48,5,21,77.25,83.31,2,0.5416667,0.0
689,31238,59,5,29,71.9,69.04,6,0.5762712,0.0
690,31238,59,5,30,68.55,73.0,6,0.5762712,0.0
691,31239,66,5,33,67.48,77.94,6,0.46969697,0.0
692,31239,66,5,33,70.4725,81.99563,6,0.46969697,0.0
693,31242,89,5,38,69.21,79.71,10,0.4494382,0.0
694,31242,89,5,39,62.74,70.92,10,0.4494382,0.0
695,31243,113,5,39,81.0,84.49,0,0.50442475,0.0
696,31243,113,5,36,77.26,85.36,0,0.50442475,0.0
697,31243,113,5,38,70.09,84.14,0,0.50442475,0.0
698,31250,117,5,38,63.26,80.17,7,0.3846154,0.0
699,31250,117,5,40,67.15,76.78,7,0.3846154,0.0
700,31250,117,5,39,55.84,69.59,7,0.3846154,0.0
701,31252,150,5,37,74.89,76.14,4,0.44,0.0
702,31252,150,5,37,72.86,80.67,4,0.44,0.0
703,31252,150,5,37,79.99711,83.05379,4,0.44,0.0
704,31253,59,5,26,61.45,72.4,23,0.5423729,1.0
705,31253,59,5,24,53.130436,64.17391,23,0.5423729,1.0
706,31255,21,5,21,58.79,60.93,46,0.71428573,1.0
707,31256,60,5,30,78.0,80.84,5,0.43333334,0.0
708,31256,60,5,30,79.4,79.2,5,0.43333334,0.0
709,31257,121,5,37,66.77,68.71,7,0.553719,0.0
710,31257,121,5,36,86.41,83.65,7,0.553719,0.0
711,31257,121,5,35,84.42,80.33,7,0.553719,0.0
712,31259,43,5,24,56.0,77.0,31,0.5813953,1.0
713,31260,34,5,15,44.0,54.0,30,0.2647059,1.0
714,31261,130,5,38,64.63,71.5,6,0.47692308,0.0
715,31261,130,5,38,70.5,76.53,6,0.47692308,0.0
716,31261,130,5,37,69.58583,87.31182,6,0.47692308,0.0
717,31262,45,5,24,77.59,83.0,10,0.46666667,1.0
718,31262,45,5,21,65.32,82.16,10,0.46666667,1.0
719,31265,41,5,27,75.54,82.92,5,0.6585366,0.0
720,41001,36,5,23,80.89,83.32,8,0.5555556,0.0
721,41002,130,5,35,67.15,78.21,3,0.43846154,0.0
722,41002,130,5,37,74.21,81.12,3,0.43846154,0.0
723,41002,130,5,38,65.736,77.74389,3,0.43846154,0.0
724,41003,41,5,21,68.88,73.29,31,0.31707317,1.0
725,41003,41,5,20,64.77,68.85,31,0.31707317,1.0
726,41006,15,5,15,68.13,72.13,19,0.53333336,1.0
727,41009,58,5,24,81.07,81.79,10,0.43103448,1.0
728,41009,58,5,24,74.86,81.28,10,0.43103448,1.0
729,41010,45,5,23,71.62,76.62,10,0.5555556,0.0
730,41010,45,5,22,54.77182,61.38,10,0.5555556,0.0
731,41012,29,5,29,58.16,63.84,33,0.55172414,1.0
732,41016,11,5,11,52.82,59.78,28,0.54545456,0.0
733,41017,29,5,29,65.07,64.93,30,0.4827586,1.0
734,41018,30,5,30,72.81,84.06,1,0.56666666,0.0
735,41019,27,5,27,78.7,81.0,5,0.4074074,0.0
736,41020,134,5,35,71.23,73.77,2,0.5,0.0
737,41020,134,5,33,79.68,79.43,2,0.5,0.0
738,41020,134,5,31,62.86,73.64,2,0.5,0.0
739,41020,134,5,35,69.53667,80.67606,2,0.5,0.0
740,41023,51,5,24,78.65,76.26,11,0.47058824,0.0
741,41023,51,5,27,71.77116,75.77,11,0.47058824,0.0
742,41024,43,5,20,62.69,85.81,11,0.53488374,0.0
743,41024,43,5,23,60.52,88.38,11,0.53488374,0.0
744,41025,52,5,25,70.17,76.05,11,0.40384614,0.0
745,41025,52,5,27,69.84889,77.74643,11,0.40384614,0.0
746,41029,89,5,30,62.83,77.86,0,0.53932583,0.0
747,41029,89,5,29,66.15,77.96,0,0.53932583,0.0
748,41029,89,5,30,67.96,82.08,0,0.53932583,0.0
749,41030,19,5,19,57.94,76.72,0,0.36842105,0.0
750,41032,107,5,34,80.04,80.93,12,0.45794392,0.0
751,41032,107,5,34,73.79,71.96,12,0.45794392,0.0
752,41032,107,5,31,79.56857,74.67714,12,0.45794392,0.0
753,41034,73,5,33,71.59,79.79,12,0.38356164,0.0
754,41034,73,5,29,75.96,80.04,12,0.38356164,0.0
755,41035,41,5,21,62.7,69.05,21,0.58536583,1.0
756,41035,41,5,20,61.363636,67.045456,21,0.58536583,1.0
757,41037,58,5,20,66.32,69.47,18,0.43103448,0.0
758,41037,58,5,22,60.43,70.9,18,0.43103448,0.0
759,41039,32,5,32,58.0,66.0,24,0.4375,1.0
760,41040,73,5,32,67.94,78.1,6,0.56164384,0.0
761,41040,73,5,31,76.97,79.25,6,0.56164384,0.0
762,41041,21,5,21,73.14,78.1,9,0.3809524,1.0
763,41045,96,5,31,61.61,67.81,10,0.53125,0.0
764,41045,96,5,34,74.88,78.81,10,0.53125,0.0
765,41045,96,5,31,68.27,68.67,10,0.53125,0.0
766,41046,19,5,19,78.0,76.88,6,0.21052632,0.0
767,41058,42,5,22,69.57,78.3,16,0.47619048,1.0
768,41058,42,5,20,65.11,82.0,16,0.47619048,1.0
769,41059,16,5,16,72.06,78.63,40,0.4375,1.0
770,41060,92,5,29,69.56,74.63,10,0.5217391,0.0
771,41060,92,5,32,66.91,75.97,10,0.5217391,0.0
772,41060,92,5,31,61.681377,71.239655,10,0.5217391,0.0
773,41061,87,5,35,63.09,76.36,12,0.4827586,0.0
774,41061,87,5,38,54.49,69.86,12,0.4827586,0.0
775,41062,139,5,34,74.9,71.57,13,0.5323741,0.0
776,41062,139,5,28,74.32,86.27,13,0.5323741,0.0
777,41062,139,5,31,64.03,74.86,13,0.5323741,0.0
778,41063,67,5,32,73.56,79.19,20,0.37313432,1.0
779,41063,67,5,35,62.21,67.8,20,0.37313432,1.0
780,41066,22,5,22,59.0,71.0,22,0.0,1.0
781,41068,23,5,23,73.27,78.32,0,0.47826087,0.0
782,41071,73,5,36,63.09,73.94,3,0.53424656,0.0
783,41071,73,5,37,69.41,77.08,3,0.53424656,0.0
784,41072,41,5,21,72.59,79.18,9,0.4390244,1.0
785,41072,41,5,20,69.39,83.61,9,0.4390244,1.0
786,41073,119,5,34,73.13,80.0,4,0.44537815,0.0
787,41073,119,5,37,77.82,81.76,4,0.44537815,0.0
788,41073,119,5,38,73.70553,75.32757,4,0.44537815,0.0
789,41074,20,5,20,71.55,65.6,11,0.0,1.0
790,41077,66,5,32,68.22,72.31,25,0.59090906,0.0
791,41077,66,5,34,67.75724,75.86483,25,0.59090906,0.0
792,41078,226,5,38,77.51,81.6,9,0.50442475,0.0
793,41078,226,5,36,72.22,74.06,9,0.50442475,0.0
794,41078,226,5,35,75.79,82.06,9,0.50442475,0.0
795,41078,226,5,36,69.47,78.78,9,0.50442475,0.0
796,41078,226,5,37,74.32,74.97,9,0.50442475,0.0
797,41079,25,5,25,57.0,59.0,34,0.48,1.0
798,41080,43,5,34,50.21,64.26,35,0.4883721,1.0
799,41081,84,5,27,64.66,71.62,16,0.48809522,0.0
800,41081,84,5,29,66.27,68.93,16,0.48809522,0.0
801,41081,84,5,28,70.09517,66.447586,16,0.48809522,0.0
802,41082,17,5,17,72.63,70.44,41,0.5294118,1.0
803,41083,14,5,14,79.8,73.5,54,0.5714286,1.0
804,41084,68,5,31,73.6,77.5,6,0.3529412,0.0
805,41084,68,5,25,73.96,77.46,6,0.3529412,0.0
806,41085,158,5,37,81.21,83.19,4,0.48734176,0.0
807,41085,158,5,39,81.49,79.0,4,0.48734176,0.0
808,41085,158,5,11,76.69,77.09,4,0.48734176,0.0
809,41085,158,5,36,76.37676,85.19912,4,0.48734176,0.0
810,41086,188,5,39,73.87,74.94,5,0.5053192,0.0
811,41086,188,5,35,77.39,76.14,5,0.5053192,0.0
812,41086,188,5,38,79.46,77.36,5,0.5053192,0.0
813,41086,188,5,40,74.85,74.08,5,0.5053192,0.0
814,41086,188,5,37,79.97,80.16,5,0.5053192,0.0
815,41087,97,5,34,66.0,70.14,9,0.46391752,0.0
816,41087,97,5,32,67.32,70.11,9,0.46391752,0.0
817,41087,97,5,31,74.03,72.17,9,0.46391752,0.0
818,41089,97,5,42,65.5,69.75,18,0.53608245,0.0
819,41089,97,5,43,57.82,60.03,18,0.53608245,0.0
820,41091,78,5,39,71.46,72.78,11,0.43589744,1.0
821,41091,78,5,39,82.39421,81.22,11,0.43589744,1.0
822,41092,28,5,28,57.07,68.22,16,0.60714287,1.0
823,41093,27,5,25,61.33,69.53,51,0.25925925,1.0
824,41094,23,5,23,83.77,83.73,3,0.6956522,0.0
825,41095,51,5,23,84.2,81.15,26,0.5294118,0.0
826,41095,51,5,23,83.29,79.62,26,0.5294118,0.0
827,41096,41,5,20,57.65,62.22,36,0.46341464,1.0
828,41096,41,5,21,67.18,69.41,36,0.46341464,1.0
829,41097,43,5,22,72.81,80.43,8,0.55813956,1.0
830,41097,43,5,21,60.85,79.9,8,0.55813956,1.0
831,41098,38,5,38,38.18,56.56,36,0.55263156,0.0
832,41099,55,5,25,56.11,63.57,27,0.34545454,0.0
833,41099,55,5,30,48.65,58.56,27,0.34545454,0.0
834,41100,62,5,31,63.06,72.66,23,0.5,0.0
835,41100,62,5,31,71.13,65.9,23,0.5,0.0
836,41101,44,5,23,51.38,60.95,43,0.4318182,0.0
837,41101,44,5,21,45.82,59.33,43,0.4318182,0.0
838,41105,33,5,33,62.22,76.37,40,1.0,1.0
839,41106,103,5,35,73.89,74.69,4,0.47572815,0.0
840,41106,103,5,28,85.48,80.48,4,0.47572815,0.0
841,41106,103,5,11,66.48,73.74,4,0.47572815,0.0
842,41108,54,5,27,77.52,74.63,20,0.37037036,1.0
843,41108,54,5,27,71.43,75.19,20,0.37037036,1.0
844,41111,82,5,34,68.38,79.48,11,0.58536583,0.0
845,41111,82,5,28,78.82522,82.91652,11,0.58536583,0.0
846,41114,23,5,23,72.5,84.89,2,0.4347826,0.0
847,41116,140,5,32,58.83,70.97,9,0.49285713,0.0
848,41116,140,5,38,76.31,79.8,9,0.49285713,0.0
849,41116,140,5,34,68.94,76.97,9,0.49285713,0.0
850,41116,140,5,36,73.97485,79.16361,9,0.49285713,0.0
851,41118,54,5,25,66.09,74.5,4,0.5185185,0.0
852,41118,54,5,29,81.14,81.21,4,0.5185185,0.0
853,41122,19,5,19,63.0,76.0,11,0.57894737,0.0
854,41125,70,5,30,78.25,78.95,10,0.4857143,0.0
855,41125,70,5,28,80.79,76.18,10,0.4857143,0.0
856,41126,82,5,41,74.97,81.7,5,0.4512195,0.0
857,41126,82,5,41,85.05,85.23,5,0.4512195,0.0
858,41127,56,5,28,74.54,75.85,17,0.4107143,0.0
859,41127,56,5,28,78.46,73.15,17,0.4107143,0.0
860,41129,24,5,24,48.67,58.65,33,1.0,1.0
861,41131,47,5,23,78.61,80.52,0,0.5744681,0.0
862,41131,47,5,24,77.64,79.5,0,0.5744681,0.0
863,41132,58,5,28,75.0,78.57,0,0.46551725,0.0
864,41132,58,5,30,84.18,84.07,0,0.46551725,0.0
865,41134,51,5,24,47.7,47.79,31,0.4509804,0.0
866,41134,51,5,27,72.26,81.09,31,0.4509804,0.0
867,41135,157,5,39,80.24,82.35,8,0.58598727,0.0
868,41135,157,5,39,74.44,77.47,8,0.58598727,0.0
869,41135,157,5,40,82.4,88.66,8,0.58598727,0.0
870,41135,157,5,39,74.69334,79.24303,8,0.58598727,0.0
871,41136,63,5,31,74.06,78.03,24,0.63492066,0.0
872,41136,63,5,32,80.93,82.07,24,0.63492066,0.0
873,41137,134,5,40,83.62,81.89,15,0.4402985,0.0
874,41137,134,5,40,83.92,88.89,15,0.4402985,0.0
875,41137,134,5,40,79.92,79.24,15,0.4402985,0.0
876,41138,173,5,40,72.27,75.94,13,0.49710983,0.0
877,41138,173,5,38,80.29,80.41,13,0.49710983,0.0
878,41138,173,5,40,74.81,78.62,13,0.49710983,0.0
879,41138,173,5,40,72.79,74.19,13,0.49710983,0.0
880,41139,129,5,31,73.59,69.48,12,0.48062015,0.0
881,41139,129,5,28,71.64,76.36,12,0.48062015,0.0
882,41139,129,5,34,72.0,71.85,12,0.48062015,0.0
883,41139,129,5,36,68.85,74.82,12,0.48062015,0.0
884,41140,64,5,26,59.11,60.11,40,0.578125,0.0
885,41140,64,5,12,54.1,61.57,40,0.578125,0.0
886,41142,139,5,32,75.77,76.39,11,0.4388489,0.0
887,41142,139,5,37,85.03,86.54,11,0.4388489,0.0
888,41142,139,5,34,83.09,80.94,11,0.4388489,0.0
889,41142,139,5,36,75.26161,75.22549,11,0.4388489,0.0
890,41143,46,5,22,70.33,68.67,40,0.4347826,1.0
891,41143,46,5,24,54.71125,63.9975,40,0.4347826,1.0
892,41144,88,5,27,78.08,73.46,35,0.4431818,1.0
893,41144,88,5,31,68.67,69.16,35,0.4431818,1.0
894,41144,88,5,30,73.12,70.56,35,0.4431818,1.0
895,41145,28,5,28,66.09,71.57,19,0.42857143,1.0
896,41146,46,5,22,69.45,68.1,41,0.5217391,1.0
897,41146,46,5,24,63.67,62.0,41,0.5217391,1.0
898,41148,59,5,29,54.21,59.32,46,0.55932206,1.0
899,41148,59,5,30,53.37,64.97,46,0.55932206,1.0
900,41149,127,5,33,71.69,75.0,19,0.42519686,1.0
901,41149,127,5,30,62.16,69.79,19,0.42519686,1.0
902,41149,127,5,32,66.0,75.07,19,0.42519686,1.0
903,41149,127,5,32,72.15484,67.99968,19,0.42519686,1.0
904,41150,38,5,38,76.47,83.65,1,0.42105263,0.0
905,41153,10,5,10,62.0,75.0,0,0.4,0.0
906,41154,17,5,17,77.24,81.53,0,0.5294118,0.0
907,41155,76,5,33,72.09,79.56,1,0.4473684,0.0
908,41155,76,5,31,78.24,82.66,1,0.4473684,0.0
909,41160,126,5,39,69.15,75.0,11,0.46031746,0.0
910,41160,126,5,39,78.32,80.0,11,0.46031746,0.0
911,41160,126,5,38,72.84,80.16,11,0.46031746,0.0
912,41161,166,5,32,72.52,83.48,3,0.4698795,0.0
913,41161,166,5,33,62.47,76.72,3,0.4698795,0.0
914,41161,166,5,34,80.65,82.97,3,0.4698795,0.0
915,41161,166,5,34,73.31,82.46,3,0.4698795,0.0
916,41161,166,5,33,74.89781,79.42034,3,0.4698795,0.0
917,41162,84,5,28,50.17,66.41,9,0.45238096,0.0
918,41162,84,5,30,66.11,68.89,9,0.45238096,0.0
919,41162,84,5,26,92.69,93.81,9,0.45238096,0.0
920,41163,64,5,31,57.28,80.34,8,0.609375,0.0
921,41163,64,5,33,57.43,82.79,8,0.609375,0.0
922,41164,15,5,15,55.36,68.0,16,0.4,0.0
923,41165,97,5,33,65.17,70.22,10,0.52577317,0.0
924,41165,97,5,33,68.83,74.8,10,0.52577317,0.0
925,41165,97,5,31,68.2,76.2,10,0.52577317,0.0
926,41166,100,5,34,79.34,75.88,12,0.5,0.0
927,41166,100,5,33,74.88,78.67,12,0.5,0.0
928,41166,100,5,33,83.65,78.19,12,0.5,0.0
929,41167,28,5,28,62.32,73.61,8,0.4642857,0.0
930,41168,108,5,35,62.54,68.11,4,0.46296296,0.0
931,41168,108,5,37,75.43,74.4,4,0.46296296,0.0
932,41168,108,5,36,66.03,76.64,4,0.46296296,0.0
933,41169,73,5,38,73.64,75.58,10,0.5479452,0.0
934,41169,73,5,39,66.38,67.42,10,0.5479452,0.0
935,41170,84,5,27,56.12,62.68,11,0.5833333,0.0
936,41170,84,5,28,72.59,69.5,11,0.5833333,0.0
937,41170,84,5,29,75.26,77.18519,11,0.5833333,0.0
938,41172,84,5,28,74.89,81.19,10,0.0,1.0
939,41172,84,5,30,80.29,82.52,10,0.0,1.0
940,41172,84,5,26,75.6784,75.9932,10,0.0,1.0
941,41173,83,5,27,85.44,78.88,10,1.0,1.0
942,41173,83,5,28,79.96,81.58,10,1.0,1.0
943,41173,83,5,28,82.81,84.27,10,1.0,1.0
944,41174,123,5,34,61.03,71.33,12,0.5609756,1.0
945,41174,123,5,27,60.38,61.24,12,0.5609756,1.0
946,41174,123,5,35,54.58,69.39,12,0.5609756,1.0
947,41174,123,5,27,69.730385,73.00923,12,0.5609756,1.0
948,41176,24,5,24,67.52,68.9,43,0.6666667,1.0
949,41178,49,5,24,87.83,87.87,5,0.4489796,0.0
950,41178,49,5,25,81.43,79.3,5,0.4489796,0.0
951,41179,61,5,32,71.93,78.08,5,0.40983605,0.0
952,41179,61,5,29,74.0,76.08,5,0.40983605,0.0
953,41181,53,5,22,61.78,69.56,20,0.4716981,0.0
954,41181,53,5,21,72.22,78.44,20,0.4716981,0.0
955,41182,37,5,25,61.54,73.18,45,0.5405405,1.0
956,41183,69,5,29,76.79,80.79,2,0.3768116,0.0
957,41183,69,5,32,79.61,82.74,2,0.3768116,0.0
958,41184,49,5,24,74.65,77.26,26,0.0,1.0
959,41184,49,5,25,78.0,79.48,26,0.0,1.0
960,41185,63,5,28,57.71,70.46,20,1.0,1.0
961,41185,63,5,27,64.74,71.85,20,1.0,1.0
962,41186,47,5,25,65.24,70.5,24,0.4680851,1.0
963,41186,47,5,22,66.21,71.61,24,0.4680851,1.0
964,41187,98,5,34,80.88,80.16,3,0.46938777,0.0
965,41187,98,5,33,74.94,70.45,3,0.46938777,0.0
966,41187,98,5,31,78.0871,77.255806,3,0.46938777,0.0
967,41189,54,5,27,79.19,64.35,14,0.4074074,0.0
968,41189,54,5,27,69.26,63.52,14,0.4074074,0.0
969,41190,199,5,37,76.35,72.59,7,0.49748743,0.0
970,41190,199,5,40,79.93,78.72,7,0.49748743,0.0
971,41190,199,5,36,72.35,78.77,7,0.49748743,0.0
972,41190,199,5,37,85.5,81.66,7,0.49748743,0.0
973,41190,199,5,38,70.97433,73.67973,7,0.49748743,0.0
974,41191,122,5,36,70.2,73.06,16,0.58196723,0.0
975,41191,122,5,35,64.29,73.21,16,0.58196723,0.0
976,41191,122,5,37,66.43257,75.66,16,0.58196723,0.0
977,41193,44,5,20,55.68,69.45,21,0.38636363,1.0
978,41193,44,5,24,59.0,69.65,21,0.38636363,1.0
979,41194,80,5,22,82.17,84.21,17,0.5875,1.0
980,41194,80,5,30,73.14,77.68,17,0.5875,1.0
981,41194,80,5,28,73.69,81.52,17,0.5875,1.0
982,41195,111,5,31,78.6,78.4,7,0.5045045,0.0
983,41195,111,5,28,69.04,69.7,7,0.5045045,0.0
984,41195,111,5,31,76.96,76.522224,7,0.5045045,0.0
985,41197,98,5,31,76.35,82.08,12,0.6122449,0.0
986,41197,98,5,34,86.21,79.55,12,0.6122449,0.0
987,41197,98,5,33,85.955925,81.51741,12,0.6122449,0.0
988,41198,51,5,25,80.67,81.43,6,0.54901963,0.0
989,41198,51,5,26,80.75,77.5,6,0.54901963,0.0
990,41199,109,5,37,84.76,84.58,5,0.48623854,0.0
991,41199,109,5,37,76.89,79.14,5,0.48623854,0.0
992,41199,109,5,35,86.29,84.79,5,0.48623854,0.0
993,41202,112,5,38,81.48,81.45,4,0.375,0.0
994,41202,112,5,37,84.69,83.6,4,0.375,0.0
995,41202,112,5,37,76.21,78.79,4,0.375,0.0
996,41203,119,5,39,68.7,79.09,7,0.5042017,0.0
997,41203,119,5,40,79.2,81.26,7,0.5042017,0.0
998,41203,119,5,40,76.691666,76.784325,7,0.5042017,0.0
999,41206,67,5,34,75.35,74.03,10,0.43283582,1.0
1000,41206,67,5,33,71.42,76.93,10,0.43283582,1.0
1001,41208,92,5,28,64.48,80.19,7,0.54347825,1.0
1002,41208,92,5,26,78.27,83.5,7,0.54347825,1.0
1003,41208,92,5,28,74.89,82.7,7,0.54347825,1.0
1004,41210,80,5,40,64.21,63.74,19,0.5875,0.0
1005,41210,80,5,40,74.056114,76.42919,19,0.5875,0.0
1006,41212,96,5,32,69.59,64.72,12,0.5104167,0.0
1007,41212,96,5,33,64.88,71.63,12,0.5104167,0.0
1008,41212,96,5,31,66.51484,70.703224,12,0.5104167,0.0
1009,41214,21,5,21,53.71,59.29,41,0.47619048,1.0
1010,41217,49,5,23,60.41,62.36,46,0.46938777,1.0
1011,41217,49,5,26,63.52087,71.43826,46,0.46938777,1.0
1012,41218,28,5,28,69.85,73.88,2,0.2857143,0.0
1013,41220,125,5,38,66.37,78.18,3,0.472,0.0
1014,41220,125,5,40,64.89,78.16,3,0.472,0.0
1015,41220,125,5,35,66.9071,80.96533,3,0.472,0.0
1016,41221,155,5,35,78.15,80.97,5,0.47096774,0.0
1017,41221,155,5,37,76.83,77.26,5,0.47096774,0.0
1018,41221,155,5,36,77.82,82.47,5,0.47096774,0.0
1019,41221,155,5,36,75.28915,83.34029,5,0.47096774,0.0
1020,41225,135,5,32,80.0,79.87,8,0.45925927,1.0
1021,41225,135,5,31,81.03,83.76,8,0.45925927,1.0
1022,41225,135,5,29,75.21,80.34,8,0.45925927,1.0
1023,41225,135,5,32,75.52,80.0,8,0.45925927,1.0
1024,41227,36,5,36,64.09,77.66,2,0.5833333,0.0
1025,41232,19,5,19,64.32,79.95,0,0.5263158,0.0
1026,41234,101,5,34,61.45,74.58,5,0.44554454,0.0
1027,41234,101,5,32,62.28,78.21,5,0.44554454,0.0
1028,41234,101,5,35,71.09,78.17,5,0.44554454,0.0
1029,41236,23,5,23,50.0,66.0,33,0.6086956,1.0
1030,41237,19,5,19,70.87,85.13,34,0.57894737,1.0
1031,41274,19,5,19,43.56,44.19,28,0.5263158,1.0
1032,41275,34,5,34,65.62,82.69,4,0.44117647,0.0
1033,41276,92,5,29,83.62,79.54,2,0.4347826,0.0
1034,41276,92,5,32,89.33,86.13,2,0.4347826,0.0
1035,41276,92,5,31,75.74,81.78,2,0.4347826,0.0
1036,41277,80,5,32,59.84,63.68,11,0.5125,0.0
1037,41277,80,5,33,59.97,66.43,11,0.5125,0.0
1038,41282,64,5,30,59.32,65.43,14,0.5,0.0
1039,41282,64,5,34,55.36,67.64,14,0.5,0.0
1040,41284,109,5,36,69.37,72.17,8,0.36697248,0.0
1041,41284,109,5,37,67.08,67.27,8,0.36697248,0.0
1042,41284,109,5,36,62.94,68.03,8,0.36697248,0.0
1043,41285,74,5,37,61.06,58.94,21,0.4864865,0.0
1044,41285,74,5,37,59.64,64.0,21,0.4864865,0.0
1045,41287,111,5,37,73.17,79.97,18,0.46846846,1.0
1046,41287,111,5,37,74.33,80.97,18,0.46846846,1.0
1047,41287,111,5,37,59.73182,73.060936,18,0.46846846,1.0
1048,41288,37,5,37,60.47,63.65,7,1.0,1.0
1049,41289,39,5,14,37.58,46.67,44,0.35897437,1.0
1050,41289,39,5,25,45.956364,47.18,44,0.35897437,1.0
1051,41290,79,5,25,69.96,80.04,3,0.39240506,0.0
1052,41290,79,5,29,77.46,76.25,3,0.39240506,0.0
1053,41290,79,5,25,74.17913,77.91304,3,0.39240506,0.0
1054,41293,100,5,34,79.1,75.89,2,0.56,0.0
1055,41293,100,5,34,82.93,77.59,2,0.56,0.0
1056,41293,100,5,32,81.81,81.63,2,0.56,0.0
1057,41294,57,5,31,69.08,75.96,7,0.45614034,1.0
1058,41294,57,5,26,65.67,80.38,7,0.45614034,1.0
1059,41296,47,5,24,71.38,67.58,33,0.5106383,1.0
1060,41296,47,5,23,72.78316,70.793686,33,0.5106383,1.0
1061,41298,160,5,40,81.71,76.29,8,0.5125,0.0
1062,41298,160,5,40,76.77,76.18,8,0.5125,0.0
1063,41298,160,5,40,73.89,74.83,8,0.5125,0.0
1064,41298,160,5,40,79.40897,72.691055,8,0.5125,0.0
1065,41303,94,5,31,65.74,73.15,14,0.5106383,0.0
1066,41303,94,5,32,68.83,77.46,14,0.5106383,0.0
1067,41303,94,5,31,69.58077,74.65038,14,0.5106383,0.0
1068,41304,41,5,21,69.28,75.43,15,0.5609756,0.0
1069,41305,19,5,19,85.94,84.28,44,0.47368422,1.0
1070,41306,31,5,31,50.0,58.0,40,0.4516129,0.0
1071,41308,70,5,26,69.3,77.52,9,0.51428574,0.0
1072,41308,70,5,27,66.43,69.2,9,0.51428574,0.0
1073,41315,32,5,20,57.81,62.29,38,0.5,1.0
1074,41316,46,5,23,67.96,53.19,20,0.45652175,0.0
1075,41316,46,5,23,56.0,54.65,20,0.45652175,0.0
1076,41319,142,5,35,77.25,82.88,3,0.5492958,0.0
1077,41319,142,5,33,71.26,76.37,3,0.5492958,0.0
1078,41319,142,5,37,80.6,80.29,3,0.5492958,0.0
1079,41319,142,5,37,67.06,76.03,3,0.5492958,0.0
1080,41324,53,5,27,47.45,46.86,31,0.5471698,0.0
1081,41324,53,5,26,46.55,41.00381,31,0.5471698,0.0
1082,41325,99,5,29,62.19,60.78,17,0.5050505,0.0
1083,41325,99,5,29,68.04,68.61,17,0.5050505,0.0
1084,41325,99,5,29,64.63,73.143,17,0.5050505,0.0
1085,41326,53,5,27,64.69,66.63,47,0.4528302,1.0
1086,41326,53,5,26,58.68,59.15,47,0.4528302,1.0
1087,41327,55,5,27,72.44,73.16,16,0.6363636,0.0
1088,41327,55,5,28,54.25926,67.07407,16,0.6363636,0.0
1089,41329,137,5,33,80.21,83.64,4,0.4160584,0.0
1090,41329,137,5,32,74.71,77.68,4,0.4160584,0.0
1091,41329,137,5,34,81.41,81.21,4,0.4160584,0.0
1092,41329,137,5,30,79.54072,85.498215,4,0.4160584,0.0
1093,41330,109,5,36,77.62,78.21,8,0.39449543,0.0
1094,41330,109,5,38,66.08,67.37,8,0.39449543,0.0
1095,41330,109,5,35,63.481213,70.933334,8,0.39449543,0.0
1096,41335,81,5,41,77.34,81.92,3,0.50617284,0.0
1097,41335,81,5,40,67.54,78.24,3,0.50617284,0.0
1098,41336,21,5,21,75.0,81.0,3,0.47619048,0.0
1099,41338,38,5,26,27.69,34.8,46,0.0,1.0
1100,41339,50,5,27,70.92,76.38,16,0.48,1.0
1101,41339,50,5,23,73.3,79.77,16,0.48,1.0
1102,41340,117,5,38,74.83,82.72,4,0.5641026,0.0
1103,41340,117,5,37,70.9,78.55,4,0.5641026,0.0
1104,41340,117,5,36,69.7,75.2,4,0.5641026,0.0
1105,41342,79,5,40,84.38,82.45,9,0.48101267,0.0
1106,41342,79,5,39,77.76,78.03,9,0.48101267,0.0
1107,41343,98,5,35,70.1,80.28,6,0.5,0.0
1108,41343,98,5,30,65.67,76.17,6,0.5,0.0
1109,41343,98,5,33,65.06734,77.26,6,0.5,0.0
1110,41344,71,5,33,87.79,87.55,0,0.47887325,0.0
1111,41344,71,5,38,86.55,86.26,0,0.47887325,0.0
1112,41345,113,5,39,71.46,73.26,4,0.4778761,0.0
1113,41345,113,5,36,68.31,74.23,4,0.4778761,0.0
1114,41345,113,5,38,77.54,75.08,4,0.4778761,0.0
1115,41346,80,5,40,87.02,81.83,5,0.525,0.0
1116,41346,80,5,40,84.92769,78.07616,5,0.525,0.0
1117,41347,96,5,31,75.47,75.3,5,0.41666666,0.0
1118,41347,96,5,32,73.38,75.31,5,0.41666666,0.0
1119,41347,96,5,33,82.054375,77.34625,5,0.41666666,0.0
1120,41348,172,5,35,74.32,86.64,8,0.5290698,0.0
1121,41348,172,5,35,66.19,80.9,8,0.5290698,0.0
1122,41348,172,5,34,66.17,82.0,8,0.5290698,0.0
1123,41348,172,5,34,72.25,87.88,8,0.5290698,0.0
1124,41348,172,5,34,65.89703,82.37111,8,0.5290698,0.0
1125,41362,62,5,30,76.85,83.81,4,0.4032258,1.0
1126,41362,62,5,25,62.79,82.5,4,0.4032258,1.0
1127,41363,107,5,37,74.31,79.72,8,0.55140185,0.0
1128,41363,107,5,35,71.31,76.47,8,0.55140185,0.0
1129,41363,107,5,35,76.74,85.46,8,0.55140185,0.0
1130,41364,120,5,36,80.23,80.33,4,0.35,0.0
1131,41364,120,5,36,78.18,74.53,4,0.35,0.0
1132,41364,120,5,37,67.72,75.86,4,0.35,0.0
1133,41365,47,5,36,64.0,67.0,43,0.42553192,0.0
1134,41366,84,5,37,76.41,79.5,8,0.5833333,0.0
1135,41366,84,5,36,71.38,75.71,8,0.5833333,0.0
1136,41367,127,5,31,71.18,82.43,3,0.47244096,0.0
1137,41367,127,5,33,78.77,82.73,3,0.47244096,0.0
1138,41367,127,5,29,80.12,82.36,3,0.47244096,0.0
1139,41367,127,5,34,81.66,83.9,3,0.47244096,0.0
1140,41368,84,5,37,71.24,77.19,16,0.4047619,0.0
1141,41368,84,5,36,73.24,75.19,16,0.4047619,0.0
1142,41369,122,5,31,73.75,80.64,4,0.55737704,1.0
1143,41369,122,5,30,79.41,85.53,4,0.55737704,1.0
1144,41369,122,5,34,78.00172,82.96971,4,0.55737704,1.0
1145,41370,30,5,30,75.57,83.11,4,0.43333334,1.0
1146,41371,39,5,39,73.31,79.64,5,0.5897436,0.0
1147,41381,66,5,33,66.56,62.38,30,0.5,0.0
1148,41381,66,5,33,53.5,63.77,30,0.5,0.0
1149,41382,121,5,40,68.32,72.91,9,0.4876033,0.0
1150,41382,121,5,41,68.44,74.44,9,0.4876033,0.0
1151,41382,121,5,40,70.25889,74.54405,9,0.4876033,0.0
1152,41383,177,5,35,80.45,77.39,2,0.49717513,0.0
1153,41383,177,5,36,81.69,80.06,2,0.49717513,0.0
1154,41383,177,5,36,77.69,79.34,2,0.49717513,0.0
1155,41383,177,5,34,77.55,74.73,2,0.49717513,0.0
1156,41383,177,5,36,72.58,79.97,2,0.49717513,0.0
1157,41384,78,5,32,76.0,81.15,5,0.41025642,1.0
1158,41385,160,5,40,75.85,75.05,6,0.5125,0.0
1159,41385,160,5,40,71.03,78.8,6,0.5125,0.0
1160,41385,160,5,40,72.15,78.6,6,0.5125,0.0
1161,41385,160,5,40,72.41,78.62,6,0.5125,0.0
1162,41390,120,5,36,83.03,82.69,3,0.45833334,0.0
1163,41390,120,5,39,83.25,83.45,3,0.45833334,0.0
1164,41390,120,5,35,86.11692,82.845,3,0.45833334,0.0
1165,41391,113,5,36,68.83,75.33,5,0.48672566,0.0
1166,41391,113,5,38,70.08,76.58,5,0.48672566,0.0
1167,41391,113,5,39,74.09,79.09,5,0.48672566,0.0
1168,41392,56,5,26,54.91,57.45,25,0.4107143,0.0
1169,41392,56,5,30,64.39,67.27,25,0.4107143,0.0
1170,41394,60,5,30,76.85,83.26,3,0.48333332,0.0
1171,41394,60,5,30,79.108925,78.82072,3,0.48333332,0.0
1172,41397,31,5,31,82.28,84.23,0,0.58064514,0.0
1173,41398,35,5,35,59.69,74.72,8,0.51428574,1.0
1174,41399,68,5,30,74.86,79.9,32,0.5294118,1.0
1175,41399,68,5,28,74.46,78.39,32,0.5294118,1.0
1176,41400,94,5,30,64.37,71.5,3,0.5,0.0
1177,41400,94,5,31,68.79,78.78,3,0.5,0.0
1178,41400,94,5,33,73.67709,80.898,3,0.5,0.0
1179,41402,120,5,36,65.68,75.79,4,0.5083333,0.0
1180,41402,120,5,37,71.58,77.15,4,0.5083333,0.0
1181,41402,120,5,39,78.09684,80.87211,4,0.5083333,0.0
1182,41403,21,5,21,76.1,76.25,14,0.33333334,1.0
1183,41406,85,5,37,55.97,60.62,26,0.4,1.0
1184,41406,85,5,36,53.08,58.73,26,0.4,1.0
1185,41407,153,5,40,74.61,81.97,1,0.45751634,0.0
1186,41407,153,5,36,68.47,79.39,1,0.45751634,0.0
1187,41407,153,5,39,66.57,73.53,1,0.45751634,0.0
1188,41407,153,5,38,70.19457,76.82412,1,0.45751634,0.0
1189,41408,73,5,37,67.21,70.62,15,0.43835616,0.0
1190,41408,73,5,36,64.903435,69.438126,15,0.43835616,0.0
1191,41409,117,5,38,82.45,80.11,2,0.52136755,0.0
1192,41409,117,5,34,86.07,82.41,2,0.52136755,0.0
1193,41409,117,5,35,79.88,82.94,2,0.52136755,0.0
1194,41411,29,5,29,62.7,75.52,32,0.5862069,1.0
1195,41413,96,5,32,67.88,65.81,12,0.47916666,0.0
1196,41413,96,5,33,69.53,76.63,12,0.47916666,0.0
1197,41413,96,5,31,66.54452,70.54581,12,0.47916666,0.0
1198,41415,63,5,34,76.88,77.52,4,0.53968257,0.0
1199,41415,63,5,29,71.37,74.93,4,0.53968257,0.0
1200,41417,79,5,40,60.22,68.19,10,0.46835443,1.0
1201,41417,79,5,39,68.2525,78.41125,10,0.46835443,1.0
1202,41418,60,5,30,76.82,82.71,5,0.5,1.0
1203,41419,34,5,34,58.81,71.65,6,0.4117647,0.0
1204,41420,104,5,35,68.33,72.52,15,0.48076922,0.0
1205,41420,104,5,34,71.29,68.5,15,0.48076922,0.0
1206,41420,104,5,35,70.63545,72.178185,15,0.48076922,0.0
1207,41421,23,5,23,42.32,51.23,66,0.0,1.0
1208,41423,102,5,34,76.57,80.4,7,0.48039216,0.0
1209,41423,102,5,37,79.81,85.61,7,0.48039216,0.0
1210,41423,102,5,33,74.60613,79.938385,7,0.48039216,0.0
1211,41424,55,5,28,73.14,72.91,7,0.5272727,0.0
1212,41424,55,5,27,62.73,77.09,7,0.5272727,0.0
1213,41425,116,5,35,65.61,70.59,6,0.47413793,1.0
1214,41425,116,5,36,70.31,76.31,6,0.47413793,1.0
1215,41425,116,5,35,65.52,76.66,6,0.47413793,1.0
1216,41426,105,5,31,77.0,81.81,5,0.41904762,1.0
1217,41426,105,5,27,77.87,84.1,5,0.41904762,1.0
1218,41426,105,5,31,81.83,84.1,5,0.41904762,1.0
1219,41427,51,5,24,57.33,61.95,25,0.50980395,1.0
1220,41427,51,5,27,52.568695,62.04565,25,0.50980395,1.0
1221,41431,96,5,32,73.65,83.48,1,0.39583334,0.0
1222,41431,96,5,33,78.19,78.52,1,0.39583334,0.0
1223,41431,96,5,31,64.47,76.77,1,0.39583334,0.0
1224,41432,69,5,33,74.67,77.37,16,0.47826087,0.0
1225,41432,69,5,36,68.79,73.94,16,0.47826087,0.0
1226,41433,76,5,37,85.87,77.38,3,0.56578946,0.0
1227,41433,76,5,39,79.39,77.15,3,0.56578946,0.0
1228,41434,116,5,39,59.71,73.74,4,0.45689654,0.0
1229,41434,116,5,40,56.32,66.68,4,0.45689654,0.0
1230,41434,116,5,37,62.3,72.61,4,0.45689654,0.0
1231,41435,111,5,31,79.55,79.71,1,0.4954955,0.0
1232,41435,111,5,36,72.17,77.57,1,0.4954955,0.0
1233,41435,111,5,32,76.13,86.16,1,0.4954955,0.0
1234,41436,120,5,39,79.97,80.43,3,0.5,0.0
1235,41436,120,5,41,74.24,75.32,3,0.5,0.0
1236,41436,120,5,40,72.16,77.68,3,0.5,0.0
1237,41437,61,5,31,74.14,77.03,3,0.39344263,0.0
1238,41437,61,5,30,73.72,79.55,3,0.39344263,0.0
1239,41440,80,5,40,65.42,77.42,2,0.4,0.0
1240,41440,80,5,40,73.22,79.55,2,0.4,0.0
1241,41441,86,5,38,58.57,68.49,1,0.4651163,0.0
1242,41441,86,5,38,69.18,78.35,1,0.4651163,0.0
1243,41442,76,5,34,60.92,70.58,13,0.5,0.0
1244,41442,76,5,33,79.4432,82.71048,13,0.5,0.0
1245,41443,97,5,32,62.38,76.46,5,0.44329897,0.0
1246,41443,97,5,33,61.52,69.69,5,0.44329897,0.0
1247,41443,97,5,32,67.96333,72.97034,5,0.44329897,0.0
1248,41444,65,5,34,82.94,84.0,1,0.50769234,0.0
1249,41444,65,5,31,77.79,75.32,1,0.50769234,0.0
1250,41445,208,5,35,72.6,80.69,13,0.4903846,1.0
1251,41445,208,5,35,75.42,80.27,13,0.4903846,1.0
1252,41445,208,5,35,67.41,83.71,13,0.4903846,1.0
1253,41445,208,5,34,67.42,79.61,13,0.4903846,1.0
1254,41445,208,5,33,70.19,82.34,13,0.4903846,1.0
1255,41445,208,5,36,67.00222,79.72,13,0.4903846,1.0
1256,41447,32,5,32,79.0,83.5,0,0.4375,1.0
1257,41448,73,5,33,63.96,70.63,8,0.6164383,0.0
1258,41448,73,5,32,64.61,69.68,8,0.6164383,0.0
1259,41449,41,5,41,73.27,78.72,13,0.5121951,1.0
1260,41450,95,5,29,87.64,83.38,1,0.43157893,0.0
1261,41450,95,5,32,78.94,82.9,1,0.43157893,0.0
1262,41450,95,5,34,82.74,83.47,1,0.43157893,0.0
1263,41452,114,5,26,61.84,71.04,30,0.5350877,0.0
1264,41452,114,5,27,67.61,74.5,30,0.5350877,0.0
1265,41452,114,5,30,58.35,62.93,30,0.5350877,0.0
1266,41456,38,5,38,81.81,81.51,6,0.55263156,0.0
1267,41457,70,5,36,73.73,76.0,7,0.4857143,0.0
1268,41457,70,5,34,77.71,77.88,7,0.4857143,0.0
1269,41458,72,5,36,52.71,72.12,6,0.4722222,0.0
1270,41458,72,5,36,55.29,77.21,6,0.4722222,0.0
1271,41462,20,5,20,66.33,77.48,4,0.3,1.0
1272,41468,44,5,22,87.67,80.57,4,0.45454547,1.0
1273,41468,44,5,22,79.14,80.32,4,0.45454547,1.0
1274,51002,170,5,31,48.65,60.65,17,0.49411765,0.0
1275,51002,170,5,32,59.27,62.47,17,0.49411765,0.0
1276,51002,170,5,30,51.73,54.96,17,0.49411765,0.0
1277,51002,170,5,33,62.83,64.63,17,0.49411765,0.0
1278,51002,170,5,33,65.73,68.87,17,0.49411765,0.0
1279,51004,61,5,31,60.64,65.21,33,0.4918033,0.0
1280,51004,61,5,30,57.21,57.93,33,0.4918033,0.0
1281,51005,94,5,30,54.1,59.1,31,0.4574468,1.0
1282,51005,94,5,30,63.34,69.28,31,0.4574468,1.0
1283,51005,94,5,34,50.80467,60.829334,31,0.4574468,1.0
1284,51006,36,5,16,47.94,54.07,25,0.44444445,1.0
1285,51006,36,5,20,38.75,51.0,25,0.44444445,1.0
1286,51007,87,5,37,67.6,79.34,7,0.49425286,0.0
1287,51007,87,5,37,67.43,75.95,7,0.49425286,0.0
1288,51008,5,5,5,74.0,69.67,31,0.2,1.0
1289,51009,17,5,17,63.0,67.0,11,0.64705884,0.0
1290,51010,51,5,26,54.78,64.92,27,0.5686275,0.0
1291,51010,51,5,26,54.54,67.79,27,0.5686275,0.0
1292,51011,52,5,28,62.45,67.11,18,0.44230768,0.0
1293,51011,52,5,24,65.954346,64.6487,18,0.44230768,0.0
1294,51012,28,5,28,62.07,71.5,7,0.5,0.0
1295,51014,24,5,24,51.48,68.88,19,0.0,1.0
1296,51015,46,5,21,60.76,59.59,34,0.4347826,1.0
1297,51015,46,5,16,61.31,65.69,34,0.4347826,1.0
1298,51016,70,5,35,60.79,76.64,10,1.0,1.0
1299,51016,70,5,35,66.61,81.26,10,1.0,1.0
1300,51018,22,5,22,32.05,49.33,52,0.59090906,1.0
1301,51019,55,5,25,85.17,84.9,2,0.45454547,1.0
1302,51019,55,5,30,73.92,80.13,2,0.45454547,1.0
1303,51020,37,5,15,39.89,54.67,34,0.4054054,1.0
1304,51020,37,5,22,55.9995,63.99842,34,0.4054054,1.0
1305,51021,145,5,38,70.32,75.57,9,0.47586206,0.0
1306,51021,145,5,37,74.36,75.33,9,0.47586206,0.0
1307,51021,145,5,36,66.72,67.63,9,0.47586206,0.0
1308,51021,145,5,34,72.968,78.2,9,0.47586206,0.0
1309,51022,73,5,26,55.16,67.8,34,0.31506848,0.0
1310,51022,73,5,23,48.0,62.19,34,0.31506848,0.0
1311,51023,111,5,36,54.03,68.82,10,0.5045045,0.0
1312,51023,111,5,37,56.4,70.69,10,0.5045045,0.0
1313,51023,111,5,38,56.92,66.09,10,0.5045045,0.0
1314,51025,115,5,38,61.67,71.27,17,0.45217392,0.0
1315,51025,115,5,39,64.62,71.88,17,0.45217392,0.0
1316,51025,115,5,38,61.45,69.88,17,0.45217392,0.0
1317,51026,51,5,26,56.82,68.94,18,0.5294118,0.0
1318,51026,51,5,25,56.06,60.71,18,0.5294118,0.0
1319,51027,53,5,26,47.09,62.0,42,0.3962264,1.0
1320,51027,53,5,27,49.37,63.3,42,0.3962264,1.0
1321,51028,57,5,29,54.46,69.48,18,0.5614035,1.0
1322,51028,57,5,28,62.67,74.73,18,0.5614035,1.0
1323,51031,80,5,40,75.45,79.5,2,0.5,0.0
1324,51031,80,5,40,76.58056,80.51351,2,0.5,0.0
1325,51032,76,5,31,66.52,82.96,2,0.38157895,0.0
1326,51032,76,5,31,62.42,81.08,2,0.38157895,0.0
1327,51033,53,5,26,71.63,75.71,3,0.41509435,0.0
1328,51033,53,5,27,82.1552,84.1184,3,0.41509435,0.0
1329,51034,47,5,22,72.65,83.65,3,0.5319149,0.0
1330,51034,47,5,25,76.17,82.86,3,0.5319149,0.0
1331,51035,65,5,33,71.5,74.63,2,0.50769234,0.0
1332,51035,65,5,35,72.15,79.19,2,0.50769234,0.0
1333,51036,49,5,22,82.32,83.36,4,0.5510204,1.0
1334,51036,49,5,27,76.08,78.96,4,0.5510204,1.0
1335,51038,70,5,35,72.13,80.74,3,0.47142857,0.0
1336,51038,70,5,35,70.74,82.88,3,0.47142857,0.0
1337,51039,114,5,38,81.06,84.15,6,0.54385966,0.0
1338,51039,114,5,39,74.05,79.63,6,0.54385966,0.0
1339,51039,114,5,37,76.23706,79.47382,6,0.54385966,0.0
1340,51040,61,5,33,64.13,75.45,11,0.47540984,0.0
1341,51040,61,5,28,60.41,74.78,11,0.47540984,0.0
1342,51041,129,5,31,77.26,81.19,7,0.48062015,0.0
1343,51041,129,5,32,69.97,78.24,7,0.48062015,0.0
1344,51041,129,5,32,62.38,76.39,7,0.48062015,0.0
1345,51041,129,5,34,63.43,72.23,7,0.48062015,0.0
1346,51042,118,5,32,82.21,85.89,15,0.5084746,0.0
1347,51042,118,5,33,74.13,83.0,15,0.5084746,0.0
1348,51042,118,5,30,79.8,81.24,15,0.5084746,0.0
1349,51042,118,5,28,67.44,76.2,15,0.5084746,0.0
1350,51043,96,5,32,83.54,88.57,6,0.5104167,0.0
1351,51043,96,5,32,78.96,84.93,6,0.5104167,0.0
1352,51043,96,5,32,86.38,82.21,6,0.5104167,0.0
1353,51044,61,5,28,62.82,66.41,18,0.57377046,0.0
1354,51044,61,5,33,67.29,67.91,18,0.57377046,0.0
1355,51045,51,5,24,59.28,70.25,10,0.39215687,1.0
1356,51045,51,5,27,67.77,80.31,10,0.39215687,1.0
1357,51046,40,5,20,58.15,66.6,30,0.65,1.0
1358,51046,40,5,20,60.7,65.05,30,0.65,1.0
1359,51048,130,5,31,66.8,71.3,6,0.43846154,0.0
1360,51048,130,5,34,69.78,78.38,6,0.43846154,0.0
1361,51048,130,5,30,55.31,70.88,6,0.43846154,0.0
1362,51048,130,5,35,67.314064,74.58875,6,0.43846154,0.0
1363,51049,34,5,34,69.65,68.03,20,0.38235295,0.0
1364,51050,96,5,34,55.26,66.11,12,0.375,0.0
1365,51050,96,5,31,62.9,71.75,12,0.375,0.0
1366,51050,96,5,31,92.34,91.72,12,0.375,0.0
1367,51051,50,5,25,77.8,77.04,8,0.4,0.0
1368,51051,50,5,25,61.875,64.708336,8,0.4,0.0
1369,51052,81,5,40,67.91,70.69,7,0.54320985,0.0
1370,51052,81,5,41,63.69,69.66,7,0.54320985,0.0
1371,51053,35,5,14,45.38,52.0,28,0.51428574,0.0
1372,51053,35,5,21,48.28,60.56,28,0.51428574,0.0
1373,51054,72,5,36,67.14,69.46,6,0.5138889,0.0
1374,51054,72,5,36,62.64,67.69,6,0.5138889,0.0
1375,51055,47,5,24,69.4,72.2,8,0.5319149,0.0
1376,51055,47,5,23,71.48,77.2,8,0.5319149,0.0
1377,51056,115,5,37,71.21,76.82,7,0.46086955,0.0
1378,51056,115,5,40,68.37,78.84,7,0.46086955,0.0
1379,51056,115,5,38,73.58361,75.22457,7,0.46086955,0.0
1380,51057,65,5,30,48.04,56.14,20,0.4,0.0
1381,51057,65,5,35,62.69,65.81,20,0.4,0.0
1382,51058,67,5,33,57.62,60.21,12,0.5671642,0.0
1383,51058,67,5,34,50.53,65.07,12,0.5671642,0.0
1384,51059,39,5,38,58.63,68.94,7,0.4871795,0.0
1385,51062,72,5,38,55.87,72.05,19,0.5277778,1.0
1386,51062,72,5,36,58.5,72.13,19,0.5277778,1.0
1387,51063,87,5,31,73.37,77.3,4,0.44827586,0.0
1388,51063,87,5,28,70.93,79.73,4,0.44827586,0.0
1389,51063,87,5,28,74.65889,80.18593,4,0.44827586,0.0
1390,51068,86,5,38,62.26,71.52,8,0.54651165,0.0
1391,51068,86,5,37,70.513794,68.57212,8,0.54651165,0.0
1392,51069,53,5,28,68.04,81.22,4,0.5471698,0.0
1393,51069,53,5,26,68.84,81.6,4,0.5471698,0.0
1394,51070,53,5,26,67.69,76.5,3,0.4716981,0.0
1395,51070,53,5,27,73.53294,84.42105,3,0.4716981,0.0
1396,51071,39,5,39,62.95,74.08,7,0.53846157,0.0
1397,51072,38,5,38,66.37,75.34,10,0.5263158,0.0
1398,51073,35,5,25,64.16,74.26,13,0.6,0.0
1399,51074,35,5,35,67.03,78.31,3,0.6,0.0
1400,51075,73,5,37,68.46,73.66,3,0.47945204,0.0
1401,51075,73,5,36,69.651726,74.41035,3,0.47945204,0.0
1402,51076,69,5,32,67.77,74.58,4,0.46376812,0.0
1403,51076,69,5,37,67.97,78.71,4,0.46376812,0.0
1404,51077,103,5,35,61.83,76.8,6,0.4854369,0.0
1405,51077,103,5,35,72.88,81.09,6,0.4854369,0.0
1406,51077,103,5,33,65.5,70.77,6,0.4854369,0.0
1407,51078,47,5,25,68.15,79.9,7,0.59574467,0.0
1408,51078,47,5,22,69.85,80.1,7,0.59574467,0.0
1409,51079,53,5,28,57.07,71.11,21,0.4528302,0.0
1410,51079,53,5,25,55.44,65.4,21,0.4528302,0.0
1411,51080,76,5,39,66.51,76.0,1,0.47368422,0.0
1412,51080,76,5,38,67.49,74.054054,1,0.47368422,0.0
1413,51081,49,5,24,68.39,76.65,6,0.4489796,0.0
1414,51081,49,5,29,75.33,77.3,6,0.4489796,0.0
1415,51082,27,5,27,72.0,77.0,4,0.5925926,0.0
1416,51083,74,5,37,72.54,83.72,3,0.45945945,0.0
1417,51083,74,5,37,80.78,83.06,3,0.45945945,0.0
1418,51084,85,5,37,64.5,76.67,8,0.43529412,0.0
1419,51084,85,5,37,67.08,80.39,8,0.43529412,0.0
1420,51085,39,5,39,60.17,76.09,3,0.30769232,0.0
1421,51086,44,5,23,75.7,81.74,2,0.52272725,0.0
1422,51086,44,5,21,67.94762,75.99905,2,0.52272725,0.0
1423,51087,28,5,28,64.82,76.62,14,0.53571427,1.0
1424,51088,57,5,26,70.69,79.54,10,0.50877196,1.0
1425,51088,57,5,31,71.26867,80.39867,10,0.50877196,1.0
1426,51090,10,5,10,69.67,80.56,11,0.6,1.0
1427,51091,31,5,31,64.62,67.7,19,0.48387095,1.0
1428,51092,131,5,36,78.39,83.08,1,0.5114504,0.0
1429,51092,131,5,31,79.93,81.1,1,0.5114504,0.0
1430,51092,131,5,31,78.23,82.93,1,0.5114504,0.0
1431,51092,131,5,33,78.37,82.03,1,0.5114504,0.0
1432,51093,79,5,39,71.08,80.89,2,0.5949367,0.0
1433,51093,79,5,40,74.776,85.0045,2,0.5949367,0.0
1434,51098,69,5,34,83.16,84.69,2,0.47826087,0.0
1435,51098,69,5,35,74.94,86.48,2,0.47826087,0.0
1436,51100,48,5,36,69.0,79.0,4,0.5625,0.0
1437,51103,103,5,37,81.59,84.49,3,0.407767,0.0
1438,51103,103,5,33,79.2,84.93,3,0.407767,0.0
1439,51103,103,5,33,86.25,88.31,3,0.407767,0.0
1440,51104,51,5,29,77.82,84.21,4,0.47058824,0.0
1441,51104,51,5,22,70.7,77.65,4,0.47058824,0.0
1442,51107,78,5,39,76.92,82.59,3,0.44871795,0.0
1443,51107,78,5,39,81.31771,81.342575,3,0.44871795,0.0
1444,51111,55,5,18,60.41,67.81,18,0.56363636,0.0
1445,51111,55,5,25,71.09,73.82,18,0.56363636,0.0
1446,51112,54,5,25,72.24,81.86,9,0.5,0.0
1447,51112,54,5,22,67.52421,77.944214,9,0.5,0.0
1448,51116,85,5,25,76.64,80.95,19,0.42352942,0.0
1449,51116,85,5,26,65.92,71.04,19,0.42352942,0.0
1450,51116,85,5,24,74.36,78.64,19,0.42352942,0.0
1451,51117,48,5,26,71.26,79.04,12,0.5,0.0
1452,51117,48,5,22,64.57,73.33,12,0.5,0.0
1453,51118,62,5,32,75.03,82.16,23,0.5967742,0.0
1454,51118,62,5,29,83.24379,77.69103,23,0.5967742,0.0
1455,51119,47,5,21,59.0,68.41,19,0.4893617,0.0
1456,51119,47,5,26,54.23,67.35,19,0.4893617,0.0
1457,51120,51,5,26,58.64,73.16,20,0.43137255,0.0
1458,51120,51,5,25,46.285713,57.47619,20,0.43137255,0.0
1459,51121,58,5,26,68.13,86.61,3,0.5689655,0.0
1460,51121,58,5,32,78.35,86.68,3,0.5689655,0.0
1461,51122,61,5,31,76.59,81.44,4,0.36065573,0.0
1462,51122,61,5,30,93.73,91.57,4,0.36065573,0.0
1463,51124,99,5,28,82.22,86.15,6,0.53535354,0.0
1464,51124,99,5,26,78.68,79.84,6,0.53535354,0.0
1465,51124,99,5,31,76.27793,79.998276,6,0.53535354,0.0
1466,51126,20,5,20,85.35,79.41,8,0.35,0.0
1467,51127,44,5,22,62.12,58.81,15,0.4318182,0.0
1468,51127,44,5,22,70.95048,75.352,15,0.4318182,0.0
1469,51130,49,5,21,66.22,73.44,14,0.46938777,0.0
1470,51130,49,5,19,68.29,75.0,14,0.46938777,0.0
1471,51132,27,5,27,77.27,85.88,9,0.44444445,0.0
1472,51133,59,5,28,77.96,76.33,15,0.5762712,0.0
1473,51133,59,5,31,80.08,79.8,15,0.5762712,0.0
1474,51135,76,5,27,69.15,83.95,4,0.4473684,0.0
1475,51135,76,5,33,80.89286,89.17857,4,0.4473684,0.0
1476,51138,32,5,32,89.16,85.23,5,0.46875,0.0
1477,51145,77,5,34,63.21,69.41,7,0.53246754,0.0
1478,51145,77,5,32,69.75,74.37,7,0.53246754,0.0
1479,51147,90,5,27,67.83,74.58,40,0.46666667,0.0
1480,51147,90,5,23,60.7,65.22,40,0.46666667,0.0
1481,51147,90,5,26,66.475235,63.52476,40,0.46666667,0.0
1482,51157,53,5,27,85.79,90.13,0,0.5283019,0.0
1483,51157,53,5,26,84.77,86.54,0,0.5283019,0.0
1484,51163,75,5,40,79.08,82.74,4,0.46666667,0.0
1485,51163,75,5,35,83.0,88.93,4,0.46666667,0.0
1486,51164,89,5,32,67.41,75.87,13,0.5280899,0.0
1487,51164,89,5,29,71.93,74.54,13,0.5280899,0.0
1488,51164,89,5,28,71.03,77.59929,13,0.5280899,0.0
1489,51165,52,5,27,83.42,82.46,20,0.53846157,0.0
1490,51165,52,5,25,65.31,76.71,20,0.53846157,0.0
1491,51166,50,5,28,77.88,79.42,3,0.52,0.0
1492,51166,50,5,22,68.5,78.09,3,0.52,0.0
1493,51167,59,5,30,78.77,82.77,10,0.47457626,0.0
1494,51167,59,5,29,75.14,67.76,10,0.47457626,0.0
1495,51172,69,5,28,66.92,83.25,6,0.5652174,0.0
1496,51172,69,5,29,74.32,76.73,6,0.5652174,0.0
1497,51178,40,5,29,67.36,75.2,20,0.325,1.0
1498,51179,39,5,19,66.33,73.71,5,0.5641026,1.0
1499,51179,39,5,20,59.5,69.89,5,0.5641026,1.0
1500,51181,8,5,8,45.67,58.0,31,0.0,1.0
1501,51186,62,5,29,65.57,76.71,12,0.58064514,1.0
1502,51186,62,5,24,77.610435,79.641815,12,0.58064514,1.0
1503,51188,65,5,32,81.84,86.25,6,0.50769234,1.0
1504,51188,65,5,33,78.3,84.15,6,0.50769234,1.0
1505,51189,17,5,17,64.0,72.0,17,0.4117647,1.0
1506,51190,28,5,28,66.15,86.08,2,0.60714287,1.0
1507,51193,23,5,23,52.17,67.82,27,0.4347826,1.0
1508,51194,76,5,24,63.0,76.63,11,0.4868421,1.0
1509,51194,76,5,25,56.0,69.91,11,0.4868421,1.0
1510,51194,76,5,27,52.51852,66.883705,11,0.4868421,1.0
1511,51199,29,5,29,82.48,87.86,2,0.31034482,1.0
1512,51203,69,5,35,57.56,69.81,35,0.5217391,1.0
1513,51203,69,5,34,54.865456,70.13818,35,0.5217391,1.0
1514,51208,12,5,12,46.5,58.83,28,1.0,1.0
1515,51244,50,5,27,70.56,81.96,1,0.32,0.0
1516,51244,50,5,23,69.391304,84.13043,1,0.32,0.0
1517,51246,79,5,35,78.8,82.37,4,0.4556962,0.0
1518,51246,79,5,35,83.51,79.05,4,0.4556962,0.0
1519,51247,59,5,21,75.35,79.0,5,0.3559322,1.0
1520,51247,59,5,38,85.430954,84.52381,5,0.3559322,1.0
1521,51255,118,5,40,62.16,74.89,9,0.5762712,0.0
1522,51255,118,5,40,61.38,71.35,9,0.5762712,0.0
1523,51256,79,5,40,61.08,68.89,10,0.49367088,0.0
1524,51256,79,5,39,60.41,73.13,10,0.49367088,0.0
1525,51257,106,5,30,63.86,73.52,20,0.38679245,1.0
1526,51257,106,5,39,62.59,74.35,20,0.38679245,1.0
1527,51257,106,5,37,54.063713,65.370575,20,0.38679245,1.0
1528,51259,90,5,29,69.31,78.88,4,0.47777778,0.0
1529,51259,90,5,30,79.96,75.44,4,0.47777778,0.0
1530,51259,90,5,31,69.82828,76.7669,4,0.47777778,0.0
1531,51263,33,5,33,71.82,79.39,2,0.0,1.0
1532,51266,122,5,41,78.92,82.08,1,0.40163934,0.0
1533,51266,122,5,41,80.33,85.78,1,0.40163934,0.0
1534,51266,122,5,40,72.3,80.2,1,0.40163934,0.0
1535,51267,52,5,28,48.79,56.5,17,0.5,0.0
1536,51267,52,5,24,47.052,62.157894,17,0.5,0.0
1537,51269,66,5,33,63.94,75.44,14,0.5151515,0.0
1538,51269,66,5,33,69.5,77.27,14,0.5151515,0.0
1539,51273,43,5,22,68.11,78.58,8,0.39534885,0.0
1540,51273,43,5,21,67.89,77.42,8,0.39534885,0.0
1541,51275,83,5,32,82.27,81.5,8,0.5301205,0.0
1542,51275,83,5,38,88.69,89.77,8,0.5301205,0.0
1543,51276,82,5,28,75.74,83.41,14,0.4878049,1.0
1544,51276,82,5,30,57.14,68.48,14,0.4878049,1.0
1545,51276,82,5,24,48.43,60.0,14,0.4878049,1.0
1546,51277,81,5,26,61.78,68.65,13,0.45679012,0.0
1547,51277,81,5,26,55.32,66.48,13,0.45679012,0.0
1548,51277,81,5,29,56.97,65.93,13,0.45679012,0.0
1549,51278,79,5,29,75.07,79.36,0,0.5063291,0.0
1550,51278,79,5,25,75.54,78.38,0,0.5063291,0.0
1551,51278,79,5,25,68.045,79.2,0,0.5063291,0.0
1552,51279,87,5,28,69.5,75.35,7,0.40229884,0.0
1553,51279,87,5,28,79.44,81.0,7,0.40229884,0.0
1554,51279,87,5,32,83.87484,80.31935,7,0.40229884,0.0
1555,51281,49,5,26,62.46,76.13,13,0.5102041,0.0
1556,51281,49,5,23,62.5,70.79,13,0.5102041,0.0
1557,51282,70,5,37,64.36,66.82,12,0.5,0.0
1558,51282,70,5,34,62.1,72.82,12,0.5,0.0
1559,51283,87,5,30,72.11,77.63,15,0.41379312,0.0
1560,51283,87,5,29,65.21,72.54,15,0.41379312,0.0
1561,51283,87,5,28,63.04125,71.37625,15,0.41379312,0.0
1562,51287,99,5,33,71.41,75.86,7,0.44444445,0.0
1563,51287,99,5,33,56.59,67.19,7,0.44444445,0.0
1564,51287,99,5,33,61.0,66.72,7,0.44444445,0.0
1565,51288,41,5,20,55.75,70.15,21,0.4390244,1.0
1566,51288,41,5,21,50.15,70.7,21,0.4390244,1.0
1567,51289,40,5,40,62.47,67.97,14,0.55,0.0
1568,51290,99,5,33,80.03,87.36,1,0.47474748,0.0
1569,51290,99,5,33,84.36,87.18,1,0.47474748,0.0
1570,51290,99,5,33,80.74,79.06,1,0.47474748,0.0
1571,51291,77,5,31,63.66,72.85,31,0.53246754,0.0
1572,51291,77,5,31,49.84667,62.963463,31,0.53246754,0.0
1573,51295,47,5,26,68.71,78.54,3,0.5531915,0.0
1574,51295,47,5,21,73.19,80.24,3,0.5531915,0.0
1575,51296,85,5,29,66.63,79.78,18,0.5529412,1.0
1576,51296,85,5,26,73.04,81.23,18,0.5529412,1.0
1577,51296,85,5,30,78.4,85.37,18,0.5529412,1.0
1578,51297,56,5,31,59.86,70.36,9,0.32142857,0.0
1579,51297,56,5,25,66.66333,78.246666,9,0.32142857,0.0
1580,51298,98,5,33,56.63,73.33,8,0.5510204,0.0
1581,51298,98,5,30,69.09,76.55,8,0.5510204,0.0
1582,51298,98,5,35,51.93,69.44,8,0.5510204,0.0
1583,51299,59,5,30,70.75,77.75,3,0.5084746,0.0
1584,51299,59,5,29,73.38,79.52,3,0.5084746,0.0
1585,51300,71,5,35,57.66,72.11,5,0.46478873,0.0
1586,51300,71,5,36,61.79,67.82,5,0.46478873,0.0
1587,51302,76,5,38,63.16,72.78,10,0.4868421,0.0
1588,51302,76,5,38,73.42,77.17,10,0.4868421,0.0
1589,51303,95,5,33,67.06,74.94,13,0.48421052,0.0
1590,51303,95,5,29,56.71,71.93,13,0.48421052,0.0
1591,51303,95,5,34,78.62556,84.63647,13,0.48421052,0.0
1592,51304,92,5,28,64.55,71.05,15,0.51086956,0.0
1593,51304,92,5,12,68.96,80.79,15,0.51086956,0.0
1594,51304,92,5,29,69.88538,72.21407,15,0.51086956,0.0
1595,51305,45,5,23,76.32,85.09,1,0.51111114,0.0
1596,51305,45,5,22,76.52,80.62,1,0.51111114,0.0
1597,51307,80,5,26,85.29,84.58,0,0.4875,0.0
1598,51307,80,5,29,83.0,87.85,0,0.4875,0.0
1599,51307,80,5,25,86.84,85.64,0,0.4875,0.0
1600,51308,34,5,27,55.68,69.76,14,0.47058824,0.0
1601,51309,94,5,32,64.87,75.71,5,0.43617022,0.0
1602,51309,94,5,32,79.0,81.41,5,0.43617022,0.0
1603,51309,94,5,30,71.93,77.07,5,0.43617022,0.0
1604,51310,79,5,28,52.52,68.92,14,0.5316456,0.0
1605,51310,79,5,24,38.83,61.09,14,0.5316456,0.0
1606,51310,79,5,27,45.23,57.46,14,0.5316456,0.0
1607,51311,108,5,36,59.75,73.58,5,0.46296296,0.0
1608,51311,108,5,36,56.37,73.55,5,0.46296296,0.0
1609,51311,108,5,36,78.3725,81.1842,5,0.46296296,0.0
1610,51312,54,5,27,64.55,69.05,23,0.5,0.0
1611,51312,54,5,27,65.13,75.3,23,0.5,0.0
1612,51313,84,5,29,65.27,77.7,9,0.5,0.0
1613,51313,84,5,30,67.77,77.37,9,0.5,0.0
1614,51313,84,5,25,61.92,74.24,9,0.5,0.0
1615,51314,119,5,41,68.24,74.63,11,0.47058824,0.0
1616,51314,119,5,40,65.55,75.35,11,0.47058824,0.0
1617,51314,119,5,38,66.22,75.19,11,0.47058824,0.0
1618,51315,80,5,40,59.54,70.74,9,0.5,0.0
1619,51315,80,5,40,58.4735,75.147,9,0.5,0.0
1620,51316,46,5,22,77.73,81.86,2,0.67391306,0.0
1621,51316,46,5,24,77.0,84.33,2,0.67391306,0.0
1622,51317,74,5,37,70.73,75.16,8,0.527027,0.0
1623,51317,74,5,37,70.54,77.09,8,0.527027,0.0
1624,51318,92,5,30,82.29,86.0,4,0.47826087,0.0
1625,51318,92,5,29,76.66,75.18,4,0.47826087,0.0
1626,51318,92,5,33,74.13048,82.33143,4,0.47826087,0.0
1627,51319,70,5,28,66.52,69.96,8,0.44285715,0.0
1628,51319,70,5,31,70.31,74.43,8,0.44285715,0.0
1629,51320,118,5,39,63.67,75.54,5,0.5169492,0.0
1630,51320,118,5,39,66.78,75.64,5,0.5169492,0.0
1631,51320,118,5,40,58.95,66.37,5,0.5169492,0.0
1632,51322,45,5,22,70.57,80.38,1,0.51111114,0.0
1633,51322,45,5,23,86.04,90.43,1,0.51111114,0.0
1634,51323,41,5,41,85.91,89.27,2,0.5365854,0.0
1635,51324,93,5,32,60.14,70.32,10,0.50537634,0.0
1636,51324,93,5,31,58.97,72.77,10,0.50537634,0.0
1637,51324,93,5,30,70.18,75.43,10,0.50537634,0.0
1638,51330,114,5,38,56.78,64.22,8,0.54385966,0.0
1639,51330,114,5,38,65.55,71.55,8,0.54385966,0.0
1640,51330,114,5,38,74.41,73.94,8,0.54385966,0.0
1641,51331,85,5,37,78.94,84.41,6,0.5058824,0.0
1642,51331,85,5,39,79.05385,83.66359,6,0.5058824,0.0
1643,51332,107,5,35,76.21,78.59,4,0.45794392,0.0
1644,51332,107,5,36,72.53,76.58,4,0.45794392,0.0
1645,51332,107,5,36,69.0,77.08,4,0.45794392,0.0
1646,51333,119,5,36,71.32,75.12,6,0.44537815,0.0
1647,51333,119,5,34,75.61,80.48,6,0.44537815,0.0
1648,51333,119,5,38,76.0,78.03,6,0.44537815,0.0
1649,51334,119,5,39,74.91,86.82,0,0.5042017,0.0
1650,51334,119,5,38,72.88,86.79,0,0.5042017,0.0
1651,51334,119,5,42,78.28,84.97,0,0.5042017,0.0
1652,51335,72,5,36,71.53,79.5,3,0.5833333,0.0
1653,51335,72,5,36,70.47,76.5,3,0.5833333,0.0
1654,51338,80,5,39,52.39,62.86,12,0.4625,1.0
1655,51338,80,5,41,53.74,65.1,12,0.4625,1.0
1656,51339,71,5,39,82.05,83.25,18,0.45070422,0.0
1657,51339,71,5,34,69.33,76.78,18,0.45070422,0.0
1658,51340,67,5,23,76.86,77.59,8,0.3880597,0.0
1659,51340,67,5,24,66.27,71.18,8,0.3880597,0.0
1660,51340,67,5,20,69.34267,72.87067,8,0.3880597,0.0
1661,51341,85,5,29,69.11,73.41,10,0.43529412,0.0
1662,51341,85,5,28,63.54,75.32,10,0.43529412,0.0
1663,51341,85,5,28,79.33,81.77,10,0.43529412,0.0
1664,51346,99,5,33,56.65,63.94,13,0.46464646,0.0
1665,51346,99,5,33,55.68,57.97,13,0.46464646,0.0
1666,51346,99,5,33,57.48,64.29,13,0.46464646,0.0
1667,51347,154,5,38,65.0,67.49,4,0.42857143,0.0
1668,51347,154,5,39,60.36,74.82,4,0.42857143,0.0
1669,51347,154,5,40,64.36,70.05,4,0.42857143,0.0
1670,51347,154,5,37,68.76,71.51,4,0.42857143,0.0
1671,51352,118,5,39,82.06,83.29,3,0.4661017,0.0
1672,51352,118,5,39,82.63,84.25,3,0.4661017,0.0
1673,51352,118,5,40,79.87,81.68,3,0.4661017,0.0
1674,51353,70,5,34,56.79,73.85,9,0.4857143,0.0
1675,51353,70,5,36,65.33758,70.03065,9,0.4857143,0.0
1676,51354,104,5,34,65.5,73.69,6,0.47115386,0.0
1677,51354,104,5,35,60.36,70.91,6,0.47115386,0.0
1678,51354,104,5,35,57.276363,74.420906,6,0.47115386,0.0
1679,51356,27,5,27,56.12,69.73,23,0.5925926,1.0
1680,51360,99,5,30,71.97,80.23,3,0.56565654,0.0
1681,51360,99,5,35,72.71,77.49,3,0.56565654,0.0
1682,51360,99,5,33,74.41552,79.55,3,0.56565654,0.0
1683,51361,74,5,37,65.79,76.76,5,0.5,0.0
1684,51361,74,5,37,72.43,81.3,5,0.5,0.0
1685,51364,63,5,31,73.3,76.17,9,0.4920635,0.0
1686,51364,63,5,32,73.61,77.57,9,0.4920635,0.0
1687,51365,68,5,34,70.22,85.97,0,0.5441176,0.0
1688,51365,68,5,34,75.78,88.03,0,0.5441176,0.0
1689,51367,12,5,12,64.42,74.0,24,0.0,1.0
1690,51368,66,5,32,77.8,88.07,1,0.4848485,0.0
1691,51368,66,5,34,79.63,89.34,1,0.4848485,0.0
1692,51369,76,5,23,56.96,69.73,10,0.56578946,0.0
1693,51369,76,5,27,63.42,68.15,10,0.56578946,0.0
1694,51369,76,5,26,53.33,69.62,10,0.56578946,0.0
1695,51371,142,5,37,76.76,75.59,4,0.5,0.0
1696,51371,142,5,37,69.46,77.94,4,0.5,0.0
1697,51371,142,5,38,73.83,77.37,4,0.5,0.0
1698,51371,142,5,30,72.28,73.18,4,0.5,0.0
1699,51372,106,5,34,57.16,71.39,9,0.5188679,0.0
1700,51372,106,5,37,70.14,77.08,9,0.5188679,0.0
1701,51372,106,5,35,65.88,75.35,9,0.5188679,0.0
1702,51375,28,5,28,54.52,57.59,16,0.60714287,0.0
1703,51412,37,5,37,66.97,71.78,3,0.45945945,0.0
1704,61001,55,5,28,62.0,63.59,45,0.5090909,1.0
1705,61001,55,5,27,56.96,72.88,45,0.5090909,1.0
1706,61003,69,5,29,66.32,78.64,10,0.42028984,0.0
1707,61003,69,5,26,62.46,73.23,10,0.42028984,0.0
1708,61004,18,5,18,70.76,73.88,14,0.5,1.0
1709,61005,49,5,38,66.58,76.18,26,0.42857143,0.0
1710,61006,24,5,24,67.48,64.05,33,0.5,0.0
1711,61007,44,5,36,68.86,71.8,32,0.36363637,0.0
1712,61008,33,5,24,58.09,74.14,50,0.5151515,1.0
1713,61009,88,5,41,63.18,76.21,15,0.4431818,0.0
1714,61009,88,5,40,60.853714,75.796,15,0.4431818,0.0
1715,61012,61,5,29,71.79,80.76,7,0.55737704,0.0
1716,61012,61,5,32,69.0,77.34,7,0.55737704,0.0
1717,61013,36,5,18,64.22,64.11,32,0.41666666,0.0
1718,61013,36,5,18,67.78,67.89,32,0.41666666,0.0
1719,61016,61,5,30,69.96,69.0,28,0.55737704,0.0
1720,61016,61,5,31,66.88,68.17,28,0.55737704,0.0
1721,61018,66,5,34,76.55,79.85,14,0.54545456,1.0
1722,61018,66,5,32,65.5,78.56,14,0.54545456,1.0
1723,61019,30,5,30,75.29,78.07,44,0.36666667,1.0
1724,61020,72,5,31,55.84,66.77,48,0.5,1.0
1725,61020,72,5,30,66.51586,69.271,48,0.5,1.0
1726,61021,110,5,30,62.17,76.77,4,0.4909091,0.0
1727,61021,110,5,34,63.0,71.21,4,0.4909091,0.0
1728,61021,110,5,31,63.85862,80.499,4,0.4909091,0.0
1729,61022,13,5,12,67.85,72.92,1,0.46153846,0.0
1730,61023,89,5,32,58.48,73.83,23,0.5280899,0.0
1731,61023,89,5,29,60.27,73.67,23,0.5280899,0.0
1732,61023,89,5,32,55.48483,71.51296,23,0.5280899,0.0
1733,61024,89,5,35,58.63,79.0,20,0.5168539,0.0
1734,61024,89,5,28,61.96,75.96,20,0.5168539,0.0
1735,61024,89,5,27,58.89,67.67,20,0.5168539,0.0
1736,61025,62,5,33,65.55,65.79,23,0.48387095,0.0
1737,61025,62,5,32,60.27414,70.465,23,0.48387095,0.0
1738,61026,55,5,28,62.64,63.68,31,0.4909091,0.0
1739,61026,55,5,28,52.79,59.78,31,0.4909091,0.0
1740,61027,69,5,35,57.29,62.38,31,0.5362319,0.0
1741,61027,69,5,36,53.54,61.57,31,0.5362319,0.0
1742,61030,57,5,28,70.96,72.41,15,0.45614034,0.0
1743,61030,57,5,29,68.32,73.86,15,0.45614034,0.0
1744,61031,38,5,38,66.59,66.83,28,0.39473686,0.0
1745,61032,109,5,28,58.8,66.46,17,0.4587156,0.0
1746,61032,109,5,30,63.79,69.18,17,0.4587156,0.0
1747,61032,109,5,28,56.43,60.37,17,0.4587156,0.0
1748,61033,93,5,33,59.71,66.22,10,0.4623656,0.0
1749,61033,93,5,32,64.55,64.89,10,0.4623656,0.0
1750,61033,93,5,33,54.08,59.31,10,0.4623656,0.0
1751,61035,23,5,22,51.59,70.9,38,0.47826087,1.0
1752,61037,73,5,31,61.64,72.72,20,0.5753425,1.0
1753,61037,73,5,42,66.18,80.87,20,0.5753425,1.0
1754,61038,47,5,25,64.95,69.18,40,0.5531915,1.0
1755,61038,47,5,22,56.05,65.86,40,0.5531915,1.0
1756,61040,21,5,21,47.22,57.89,53,0.2857143,1.0
1757,61042,31,5,23,55.88,66.33,45,0.38709676,1.0
1758,61047,20,5,20,70.83,76.89,36,0.6,1.0
1759,61049,98,5,33,69.97,77.9,2,0.52040815,0.0
1760,61049,98,5,30,65.22,78.73,2,0.52040815,0.0
1761,61049,98,5,31,64.93,78.48,2,0.52040815,0.0
1762,61055,62,5,29,68.88,79.18,9,0.516129,1.0
1763,61055,62,5,33,71.08706,82.76647,9,0.516129,1.0
1764,61058,57,5,29,79.36,74.29,32,0.42105263,0.0
1765,61058,57,5,28,61.75,68.8,32,0.42105263,0.0
1766,61063,21,5,21,59.86,70.05,0,0.42857143,0.0
1767,61064,14,5,16,77.2,82.67,1,0.5714286,0.0
1768,61065,24,5,24,74.88,87.17,1,0.41666666,0.0
1769,61070,101,5,31,49.0,57.81,35,0.47524753,0.0
1770,61070,101,5,31,40.66,60.31,35,0.47524753,0.0
1771,61070,101,5,31,45.84077,61.84423,35,0.47524753,0.0
1772,61073,68,5,29,77.57,82.0,30,0.4852941,0.0
1773,61073,68,5,29,80.81,77.42,30,0.4852941,0.0
1774,61074,92,5,24,73.23,74.91,5,0.54347825,0.0
1775,61074,92,5,28,73.75,78.92,5,0.54347825,0.0
1776,61074,92,5,28,73.13,76.5,5,0.54347825,0.0
1777,61077,24,5,23,67.0,71.0,34,0.375,1.0
1778,61079,52,5,28,75.56,79.24,12,0.34615386,0.0
1779,61079,52,5,28,67.14,72.86,12,0.34615386,0.0
1780,61080,25,5,26,64.14,80.7,2,0.44,0.0
1781,61081,15,5,15,75.83,80.17,2,0.6,0.0
1782,61084,27,5,27,63.85,79.92,3,0.5185185,0.0
1783,61085,55,5,24,72.68,80.84,25,0.45454547,0.0
1784,61085,55,5,31,73.26667,81.13333,25,0.45454547,0.0
1785,61089,66,5,32,65.97,76.85,4,0.5,0.0
1786,61089,66,5,34,65.29,73.91,4,0.5,0.0
1787,61093,59,5,24,41.3,67.91,50,1.0,1.0
1788,61093,59,5,26,50.324,64.2428,50,1.0,1.0
1789,61095,26,5,26,65.83,78.5,5,0.42307693,1.0
1790,61101,62,5,32,71.28,77.0,24,0.516129,0.0
1791,61101,62,5,32,64.1952,70.52,24,0.516129,0.0
1792,61102,66,5,31,76.41,81.37,17,0.56060606,0.0
1793,61102,66,5,31,73.5,83.93,17,0.56060606,0.0
1794,61103,69,5,35,65.06,71.43,54,0.47826087,1.0
1795,61103,69,5,34,62.66,74.34,54,0.47826087,1.0
1796,61104,34,5,20,66.64,76.45,35,0.4117647,1.0
1797,61104,34,5,14,50.58,65.22,35,0.4117647,1.0
1798,61105,80,5,36,61.55,64.68,24,0.45,0.0
1799,61105,80,5,35,61.85,71.53,24,0.45,0.0
1800,61106,62,5,25,47.0,61.63,46,0.37096775,1.0
1801,61106,62,5,35,62.967743,71.15742,46,0.37096775,1.0
1802,61108,13,5,14,62.79,80.0,0,0.53846157,0.0
1803,61116,42,5,44,66.23,58.03,38,0.52380955,0.0
1804,61117,41,5,23,73.05,77.82,52,0.4390244,1.0
1805,61117,41,5,18,45.63,58.06,52,0.4390244,1.0
1806,61121,28,5,22,55.0,68.0,32,0.60714287,1.0
1807,61124,20,5,20,52.16,64.0,58,0.55,1.0
1808,61136,36,5,39,76.2,85.05,27,0.5277778,0.0
1809,61137,51,5,24,59.74,71.09,35,0.4509804,1.0
1810,61137,51,5,26,48.05,68.63,35,0.4509804,1.0
1811,61138,72,5,30,58.67,55.84,31,0.44444445,0.0
1812,61138,72,5,12,58.24,65.04,31,0.44444445,0.0
1813,61139,28,5,28,58.04,67.56,49,0.5,1.0
1814,61140,36,5,34,51.19,64.57,25,0.5277778,0.0
1815,61141,47,5,23,50.5,66.59,52,0.5106383,1.0
1816,61141,47,5,27,63.217392,73.41,52,0.5106383,1.0
1817,61142,27,5,9,49.67,46.0,51,0.4814815,1.0
1818,61143,110,5,33,72.58,75.48,21,0.45454547,0.0
1819,61143,110,5,33,64.56,70.0,21,0.45454547,0.0
1820,61143,110,5,12,72.33,77.84,21,0.45454547,0.0
1821,61145,65,5,33,64.3,78.0,6,0.47692308,0.0
1822,61145,65,5,32,59.551613,80.06896,6,0.47692308,0.0
1823,61149,62,5,32,65.89,64.33,37,0.5483871,0.0
1824,61149,62,5,31,52.0,57.33,37,0.5483871,0.0
1825,61150,38,5,39,50.35,64.85,46,0.42105263,0.0
1826,61151,42,5,20,63.37,69.63,42,0.0,1.0
1827,61151,42,5,22,73.14,75.76,42,0.0,1.0
1828,61152,30,5,30,70.13,78.21,32,0.56666666,0.0
1829,61156,15,5,15,53.0,59.0,67,0.4,1.0
1830,61157,60,5,32,68.31,75.38,10,0.53333336,0.0
1831,61157,60,5,34,74.07,71.43,10,0.53333336,0.0
1832,61163,53,5,21,70.94,71.22,51,0.4716981,1.0
1833,61163,53,5,22,61.958183,63.54727,51,0.4716981,1.0
1834,61165,56,5,28,54.11,69.26,60,0.4107143,1.0
1835,61165,56,5,29,43.68,37.81,60,0.4107143,1.0
1836,61169,50,5,24,61.0,74.17,25,0.54,0.0
1837,61169,50,5,24,68.88,77.95,25,0.54,0.0
1838,61171,19,5,19,76.63,84.79,2,0.36842105,0.0
1839,61172,38,5,38,60.0,71.0,43,0.5263158,0.0
1840,61173,9,5,11,55.6,66.56,36,0.44444445,1.0
1841,61174,55,5,28,62.16,70.6,13,0.45454547,0.0
1842,61174,55,5,29,65.83,71.42,13,0.45454547,0.0
1843,61178,57,5,21,62.28,68.83,52,0.42105263,1.0
1844,61178,57,5,25,50.92,66.36,52,0.42105263,1.0
1845,61179,88,5,29,62.54,66.32,21,0.45454547,0.0
1846,61179,88,5,31,75.82,74.23,21,0.45454547,0.0
1847,61179,88,5,28,71.76615,78.963844,21,0.45454547,0.0
1848,61183,85,5,28,72.89,81.43,11,0.5058824,0.0
1849,61183,85,5,30,73.23,81.46,11,0.5058824,0.0
1850,61183,85,5,29,70.03793,74.44827,11,0.5058824,0.0
1851,61186,60,5,30,72.17,81.9,4,0.55,0.0
1852,61186,60,5,30,78.63,80.37,4,0.55,0.0
1853,61188,56,5,25,55.24,74.33,20,0.5714286,0.0
1854,61188,56,5,25,63.83,70.82,20,0.5714286,0.0
1855,61190,36,5,43,60.15,58.07,44,0.5555556,1.0
1856,61193,68,5,36,54.63,59.81,17,0.47058824,0.0
1857,61193,68,5,35,59.675808,62.228386,17,0.47058824,0.0
1858,61196,49,5,27,62.32,67.17,23,0.4489796,0.0
1859,61196,49,5,28,51.71,64.7,23,0.4489796,0.0
1860,61197,56,5,21,48.91,63.04,42,0.64285713,1.0
1861,61197,56,5,24,45.05,56.55,42,0.64285713,1.0
1862,61198,16,5,16,73.5,82.13,0,0.5,0.0
1863,61199,43,5,22,70.05,67.65,46,0.44186047,0.0
1864,61199,43,5,21,52.52941,66.23529,46,0.44186047,0.0
1865,61202,82,5,36,73.54,78.03,19,0.5121951,0.0
1866,61202,82,5,32,74.5,79.41,19,0.5121951,0.0
1867,61203,31,5,19,41.0,64.0,52,0.38709676,1.0
1868,61204,71,5,28,67.0,69.96,17,0.5492958,0.0
1869,61204,71,5,29,75.36,77.14,17,0.5492958,0.0
1870,61205,55,5,27,43.88,52.27,35,0.36363637,1.0
1871,61205,55,5,28,46.0,61.392143,35,0.36363637,1.0
1872,61209,30,5,30,62.92,75.85,3,0.53333336,0.0
1873,61211,22,5,21,62.42,69.63,53,0.4090909,1.0
1874,61213,48,5,23,66.61,80.96,0,0.5625,0.0
1875,61213,48,5,23,61.86,81.1,0,0.5625,0.0
1876,61218,30,5,29,51.86,54.45,43,0.53333336,0.0
1877,61219,74,5,31,62.67,75.0,5,0.3918919,0.0
1878,61219,74,5,32,51.14,70.25,5,0.3918919,0.0
1879,61220,21,5,21,71.65,65.15,48,0.52380955,1.0
1880,61221,102,5,29,57.46,68.18,26,0.46078432,0.0
1881,61221,102,5,28,57.33,65.75,26,0.46078432,0.0
1882,61221,102,5,31,59.04,69.632,26,0.46078432,0.0
1883,61223,42,5,21,55.89,68.79,24,1.0,1.0
1884,61223,42,5,22,59.21,68.0,24,1.0,1.0
1885,61224,56,5,29,64.61,74.5,1,0.60714287,0.0
1886,61224,56,5,27,59.96,73.23,1,0.60714287,0.0
1887,61227,53,5,29,62.71,58.22,33,0.43396226,0.0
1888,61227,53,5,28,54.8448,63.906364,33,0.43396226,0.0
1889,61228,57,5,29,70.14,66.46,17,0.5614035,0.0
1890,61228,57,5,29,67.36,75.48,17,0.5614035,0.0
1891,61231,37,5,37,65.56,78.69,23,0.0,1.0
1892,61232,48,5,23,70.0,78.57,12,0.47916666,0.0
1893,61232,48,5,25,67.38,77.63,12,0.47916666,0.0
1894,61233,109,5,36,64.57,72.59,8,0.5229358,0.0
1895,61233,109,5,36,63.39,71.83,8,0.5229358,0.0
1896,61233,109,5,38,66.92132,77.40703,8,0.5229358,0.0
1897,61235,25,5,21,53.13,74.53,19,0.56,1.0
1898,61237,95,5,32,57.0,70.72,8,0.37894738,0.0
1899,61237,95,5,32,56.78,73.47,8,0.37894738,0.0
1900,61237,95,5,32,54.22,65.81,8,0.37894738,0.0
1901,61238,48,5,23,55.29,68.0,26,0.5,1.0
1902,61238,48,5,25,60.71,70.04,26,0.5,1.0
1903,61239,71,5,34,56.0,61.5,26,0.57746476,0.0
1904,61239,71,5,36,58.14,69.31,26,0.57746476,0.0
1905,61240,54,5,20,55.58,70.63,44,0.42592594,1.0
1906,61240,54,5,21,50.42,61.37,44,0.42592594,1.0
1907,61243,23,5,22,56.43,61.48,66,0.5217391,1.0
1908,61244,100,5,32,71.48,77.03,22,0.42,1.0
1909,61244,100,5,8,60.1,69.07,22,0.42,1.0
1910,61244,100,5,30,69.18643,75.75143,22,0.42,1.0
1911,61246,25,5,26,42.59,50.86,59,0.52,1.0
1912,61248,62,5,31,57.74,65.07,19,0.516129,0.0
1913,61248,62,5,34,57.58,57.26,19,0.516129,0.0
1914,61251,59,5,30,57.77,69.7,27,0.40677965,0.0
1915,61251,59,5,29,59.93,66.46,27,0.40677965,0.0
1916,61252,96,5,26,70.24,76.66,42,0.5,1.0
1917,61252,96,5,29,64.77,67.77,42,0.5,1.0
1918,61252,96,5,29,68.73154,74.14769,42,0.5,1.0
1919,61253,74,5,37,61.06,68.41,16,0.43243244,0.0
1920,61253,74,5,37,70.67,74.29,16,0.43243244,0.0
1921,61254,54,5,32,57.63,73.78,10,0.3888889,0.0
1922,61254,54,5,32,60.24,74.76,10,0.3888889,0.0
1923,61255,69,5,35,68.1,73.73,23,0.5217391,0.0
1924,61255,69,5,35,65.96875,82.00313,23,0.5217391,0.0
1925,61256,67,5,35,78.47,76.94,5,0.52238804,0.0
1926,61256,67,5,32,73.47,77.8,5,0.52238804,0.0
1927,61261,63,5,30,47.24,61.33,23,0.53968257,0.0
1928,61261,63,5,33,54.4075,60.7269,23,0.53968257,0.0
1929,61262,61,5,30,54.16,71.46,13,0.37704918,0.0
1930,61262,61,5,30,59.26,70.04,13,0.37704918,0.0
1931,61265,43,5,22,71.47,79.84,36,0.6976744,1.0
1932,61265,43,5,21,70.50389,74.00222,36,0.6976744,1.0
1933,61269,89,5,28,67.68,71.08,10,0.5730337,0.0
1934,61269,89,5,30,60.83,72.04,10,0.5730337,0.0
1935,61269,89,5,29,63.56,74.41,10,0.5730337,0.0
1936,61270,9,5,9,70.5,82.63,0,0.7777778,0.0
1937,61271,21,5,15,57.93,66.21,34,0.47619048,1.0
1938,61274,45,5,27,59.91,69.52,16,0.4888889,0.0
1939,61277,62,5,32,54.9,68.31,24,0.516129,0.0
1940,61277,62,5,32,55.72,61.22,24,0.516129,0.0
1941,61278,77,5,31,66.61,75.68,15,0.48051947,0.0
1942,61278,77,5,33,67.34125,74.32,15,0.48051947,0.0
1943,61284,68,5,35,69.5,71.9,25,0.45588234,0.0
1944,61284,68,5,34,75.03,74.92,25,0.45588234,0.0
1945,61290,48,5,25,60.14,67.14,29,0.5,0.0
1946,61290,48,5,23,52.04,64.90957,29,0.5,0.0
1947,61291,194,5,40,58.05,66.55,8,0.46907216,0.0
1948,61291,194,5,40,60.54,75.83,8,0.46907216,0.0
1949,61291,194,5,39,64.86,78.03,8,0.46907216,0.0
1950,61291,194,5,39,61.86,78.41,8,0.46907216,0.0
1951,61291,194,5,37,64.68838,71.04794,8,0.46907216,0.0
1952,61292,43,5,22,48.2,61.7,49,0.39534885,1.0
1953,61292,43,5,21,63.83,72.39,49,0.39534885,1.0
1954,61293,71,5,31,62.17,74.21,7,0.5492958,1.0
1955,61293,71,5,35,57.45,76.55,7,0.5492958,1.0
1956,61294,47,5,23,64.83,78.0,36,0.42553192,1.0
1957,61294,47,5,24,59.96,81.5,36,0.42553192,1.0
1958,61297,78,5,34,65.97,67.38,23,0.53846157,0.0
1959,61297,78,5,34,58.97,70.2,23,0.53846157,0.0
1960,61298,73,5,31,77.1,74.83,7,0.49315068,0.0
1961,61298,73,5,28,68.60714,66.89643,7,0.49315068,0.0
1962,61299,28,5,20,37.75,56.75,19,0.0,1.0
1963,61300,65,5,33,53.96,64.12,12,0.63076925,0.0
1964,61300,65,5,30,46.04,56.21,12,0.63076925,0.0
1965,61305,30,5,29,58.04,61.28,44,0.5,1.0
1966,61308,42,5,28,58.39,70.61,40,0.52380955,1.0
1967,61311,68,5,33,57.55,64.23,25,0.5441176,0.0
1968,61311,68,5,35,68.279686,63.77,25,0.5441176,0.0
1969,61312,34,5,34,52.12,58.84,41,0.4117647,1.0
1970,61314,22,5,22,63.22,73.78,36,0.45454547,1.0
1971,61316,72,5,35,73.9,77.19,9,0.4722222,0.0
1972,61316,72,5,28,81.37,83.26,9,0.4722222,0.0
1973,61317,52,5,28,75.78,79.93,5,0.48076922,1.0
1974,61317,52,5,26,61.6776,71.7556,5,0.48076922,1.0
1975,61318,28,5,28,64.0,66.88,54,0.42857143,1.0
1976,61320,79,5,39,62.47,74.84,11,0.556962,0.0
1977,61320,79,5,40,71.652435,75.16432,11,0.556962,0.0
1978,61321,64,5,34,44.17,55.97,35,0.515625,0.0
1979,61321,64,5,31,44.71,62.15,35,0.515625,0.0
1980,61325,49,5,24,71.04,74.22,17,0.53061223,0.0
1981,61325,49,5,25,74.878334,71.83083,17,0.53061223,0.0
1982,61326,46,5,23,72.35,79.77,18,0.6086956,0.0
1983,61326,46,5,23,71.7,79.24,18,0.6086956,0.0
1984,61327,71,5,36,68.6,80.77,5,0.45070422,0.0
1985,61327,71,5,35,72.53,79.68,5,0.45070422,0.0
1986,61329,100,5,34,74.47,69.38,16,0.47,0.0
1987,61329,100,5,33,71.58,70.76,16,0.47,0.0
1988,61329,100,5,33,66.84485,76.19355,16,0.47,0.0
1989,61331,53,5,27,67.13,75.58,8,0.5660377,0.0
1990,61331,53,5,28,67.71,74.38,8,0.5660377,0.0
1991,61332,35,5,37,45.0,65.0,7,0.6571429,0.0
1992,61334,15,5,16,69.5,84.6,3,0.33333334,1.0
1993,61335,54,5,26,63.7,72.7,30,0.42592594,0.0
1994,61335,54,5,28,53.81,65.78,30,0.42592594,0.0
1995,61338,61,5,31,52.1,60.94,12,0.52459013,0.0
1996,61338,61,5,30,55.9,71.73,12,0.52459013,0.0
1997,61339,60,5,24,59.43,72.0,36,0.4,1.0
1998,61339,60,5,27,54.4485,69.95,36,0.4,1.0
1999,61340,142,5,32,61.89,74.48,15,0.46478873,0.0
2000,61340,142,5,34,67.74,76.0,15,0.46478873,0.0
2001,61340,142,5,35,68.17,81.22,15,0.46478873,0.0
2002,61340,142,5,30,67.77,75.77,15,0.46478873,0.0
2003,61341,76,5,39,70.76,74.26,2,0.47368422,0.0
2004,61341,76,5,39,72.97,80.54,2,0.47368422,0.0
2005,61343,32,5,34,69.06,75.63,21,0.5,1.0
2006,61344,27,5,27,93.27,85.77,4,0.7777778,0.0
2007,61345,14,5,15,64.6,78.2,16,0.0,1.0
2008,61346,76,5,39,69.18,79.61,5,0.4473684,0.0
2009,61346,76,5,38,79.82,80.03,5,0.4473684,0.0
2010,61347,17,5,16,49.0,63.0,65,0.5294118,1.0
2011,61348,31,5,31,88.72,90.14,3,0.61290324,1.0
2012,61349,34,5,34,66.15,71.82,34,0.5,1.0
2013,61350,28,5,28,71.0,79.0,20,0.39285713,1.0
2014,61351,19,5,19,68.47,81.29,26,0.57894737,1.0
2015,61363,27,5,27,70.27,79.36,22,0.4814815,0.0
2016,61364,70,5,38,70.1,77.36,0,0.4,0.0
2017,61364,70,5,32,69.53,81.53,0,0.4,0.0
2018,61365,20,5,20,50.37,61.58,60,0.55,1.0
